participante,video,condicion,enfoque,evento,frame_inicio_racha,frame_alerta,tiempo_inicio_racha_s,tiempo_alerta_s,frames_persistencia,duracion_min_seg
P06,V6_video1_normal,normal,O1,cierre_ocular,111,126,3.6998131313131313,4.199787878787879,16,0.5
P06,V6_video1_normal,normal,O1,cierre_ocular,743,758,24.765415824915824,25.265390572390572,16,0.5
P06,V6_video1_normal,normal,O2,cierre_ocular,747,762,24.898742424242425,25.39871717171717,16,0.5
P06,V6_video1_normal,normal,O2,cierre_ocular,785,800,26.165345117845117,26.665319865319866,16,0.5
P06,V6_video1_normal,normal,O1,cierre_ocular,1022,1037,34.06494612794613,34.564920875420874,16,0.5
P06,V6_video1_normal,normal,O2,cierre_ocular,1025,1040,34.16494107744108,34.66491582491582,16,0.5
P06,V6_video1_normal,normal,O1,cierre_ocular,1257,1272,41.897883838383834,42.397858585858586,16,0.5
P06,V6_video1_normal,normal,O2,cierre_ocular,1257,1272,41.897883838383834,42.397858585858586,16,0.5
P06,V6_video1_normal,normal,O2,cierre_ocular,1284,1299,42.79783838383838,43.29781313131313,16,0.5
P06,V6_video1_normal,normal,O1,bostezo,1403,1493,46.76430471380471,49.7641531986532,91,3.0
P06,V6_video1_normal,normal,O1,cierre_ocular,1481,1496,49.3641734006734,49.864148148148146,16,0.5
P06,V6_video1_normal,normal,O2,bostezo,1410,1500,46.99762626262626,49.99747474747475,91,3.0
P06,V6_video1_normal,normal,O2,cierre_ocular,1491,1506,49.6974898989899,50.197464646464645,16,0.5
P06,V6_video1_normal,normal,O1,cierre_ocular,1718,1733,57.26377441077441,57.763749158249155,16,0.5
P06,V6_video1_normal,normal,O2,cierre_ocular,1718,1733,57.26377441077441,57.763749158249155,16,0.5
P06,V6_video1_normal,normal,O1,bostezo,1659,1749,55.29720707070707,58.29705555555555,91,3.0
P06,V6_video1_normal,normal,O1,cierre_ocular,1896,1911,63.196808080808076,63.69678282828283,16,0.5
P06,V6_video1_normal,normal,O2,cierre_ocular,1896,1911,63.196808080808076,63.69678282828283,16,0.5
P06,V6_video1_normal,normal,O1,bostezo,1856,1946,61.863542087542086,64.86339057239057,91,3.0
