video,condicion,frames_procesados,fps_procesamiento,latencia_media_ms,cumple_fps,cumple_latencia,cumple_ce2
V1_video1_normal,normal,2340,18.47231966512793,54.13505277779494,True,True,True
V1_video2_pocaluz,poca_luz,1477,20.062582543534017,49.84403168585545,True,True,True
V2_video1_normal,normal,2100,18.019808573189785,55.49448519047084,True,True,True
V2_video2_lentes,lentes,1972,19.111979307115487,52.32320441178455,True,True,True
V3_video1_normal,normal,3734,18.54324832146733,53.9279840653544,True,True,True
V3_video2_lentes,lentes,3663,20.382141380057487,49.06255831285867,True,True,True
V4_video1_normal,normal,1032,23.779362082876567,42.05327277135396,True,True,True
V4_video2_pocaluz,poca_luz,730,21.361821192746334,46.81248808222224,True,True,True
V5_video1_normal,normal,1699,19.404016228655443,51.53572271925958,True,True,True
V5_video2_pocaluz,poca_luz,1156,21.64713001011874,46.195500259505984,True,True,True
V6_video1_normal,normal,1980,19.939100227726627,50.15271444442786,True,True,True
V6_video2_pocaluz,poca_luz,2532,20.973319559388354,47.67962444706884,True,True,True
V7_video1_normal,normal,1266,23.946227441166677,41.76023143757794,True,True,True
V7_video2_pocaluz,poca_luz,1535,17.536969571307957,57.022394657973805,True,True,True
V8_video1_normal,normal,2302,19.917884928630183,50.20613401388765,True,True,True
V8_video2_lentes,lentes,1907,20.426007030531217,48.957194546407294,True,True,True
V9_video1_normal,normal,1859,21.06305036155881,47.47650424959593,True,True,True
V9_video2_pocaluz,poca_luz,1578,18.53134018254735,53.9626378960865,True,True,True
