participante,condicion_adversa,F1_normal_O1,F1_normal_O2,F1_adverso_O1,F1_adverso_O2,caida_F1_O1,caida_F1_O2,ventaja_robustez_O2
P01,poca_luz,1.0,1.0,0.8333333333333334,0.9090909090909091,0.16666666666666663,0.09090909090909094,0.07575757575757569
P02,lentes,0.7272727272727273,0.8,0.5714285714285714,0.5714285714285714,0.1558441558441559,0.22857142857142865,-0.07272727272727275
P03,lentes,0.7741935483870968,0.7741935483870968,0.6923076923076923,0.75,0.08188585607940446,0.024193548387096753,0.05769230769230771
P04,poca_luz,0.6,0.0,0.5,0.3333333333333333,0.09999999999999998,-0.3333333333333333,0.4333333333333333
P05,poca_luz,0.5714285714285714,0.8571428571428571,0.6666666666666666,0.0,-0.09523809523809523,0.8571428571428571,-0.9523809523809523
P06,poca_luz,0.6666666666666666,0.6666666666666666,0.75,0.6666666666666666,-0.08333333333333337,0.0,-0.08333333333333337
P07,poca_luz,0.8571428571428571,1.0,0.5454545454545454,0.5,0.3116883116883117,0.5,-0.18831168831168832
P08,lentes,0.23529411764705882,0.3333333333333333,0.47058823529411764,0.46153846153846156,-0.23529411764705882,-0.12820512820512825,-0.10708898944193057
P09,poca_luz,0.7272727272727273,0.2857142857142857,0.8333333333333334,0.8333333333333334,-0.10606060606060608,-0.5476190476190477,0.4415584415584416
