participante,video,condicion,enfoque,evento,frame_inicio_gt,frame_fin_gt,frame_alerta,detectado,retraso_frames,retraso_s
P01,V1_video1_normal,normal,O1,cierre_ocular,784,911,811,1,27,0.9003846153846154
P01,V1_video1_normal,normal,O1,cierre_ocular,1139,1287,1159,1,20,0.666951566951567
P01,V1_video1_normal,normal,O1,cierre_ocular,1503,1683,1540,1,37,1.2338603988603989
P01,V1_video1_normal,normal,O1,bostezo,1794,1964,1864,1,70,2.334330484330484
P01,V1_video1_normal,normal,O1,bostezo,2111,2267,2194,1,83,2.767849002849003
P01,V1_video1_normal,normal,O2,cierre_ocular,784,911,843,1,59,1.9675071225071226
P01,V1_video1_normal,normal,O2,cierre_ocular,1139,1287,1163,1,24,0.8003418803418804
P01,V1_video1_normal,normal,O2,cierre_ocular,1503,1683,1540,1,37,1.2338603988603989
P01,V1_video1_normal,normal,O2,bostezo,1794,1964,1864,1,70,2.334330484330484
P01,V1_video1_normal,normal,O2,bostezo,2111,2267,2195,1,84,2.801196581196581
P01,V1_video2_pocaluz,poca_luz,O1,cierre_ocular,572,664,583,1,11,0.45846987136086664
P01,V1_video2_pocaluz,poca_luz,O1,cierre_ocular,772,851,783,1,11,0.45846987136086664
P01,V1_video2_pocaluz,poca_luz,O1,cierre_ocular,920,1041,944,1,24,1.0002979011509818
P01,V1_video2_pocaluz,poca_luz,O1,bostezo,1122,1227,1185,1,63,2.625781990521327
P01,V1_video2_pocaluz,poca_luz,O1,bostezo,1348,1463,1414,1,66,2.7508192281652
P01,V1_video2_pocaluz,poca_luz,O2,cierre_ocular,572,664,609,1,37,1.5421259309410968
P01,V1_video2_pocaluz,poca_luz,O2,cierre_ocular,772,851,814,1,42,1.7505213270142181
P01,V1_video2_pocaluz,poca_luz,O2,cierre_ocular,920,1041,1017,1,97,4.042870683818552
P01,V1_video2_pocaluz,poca_luz,O2,bostezo,1122,1227,1186,1,64,2.6674610697359515
P01,V1_video2_pocaluz,poca_luz,O2,bostezo,1348,1463,1415,1,67,2.792498307379824
P02,V2_video1_normal,normal,O1,cierre_ocular,789,1034,805,1,16,0.5334476190476191
P02,V2_video1_normal,normal,O1,cierre_ocular,1427,1541,1452,1,25,0.8335119047619047
P02,V2_video1_normal,normal,O1,cierre_ocular,1608,2021,1619,1,11,0.36674523809523807
P02,V2_video1_normal,normal,O1,bostezo,579,754,654,1,75,2.5005357142857143
P02,V2_video1_normal,normal,O2,cierre_ocular,789,1034,810,1,21,0.7001499999999999
P02,V2_video1_normal,normal,O2,cierre_ocular,1427,1541,1453,1,26,0.8668523809523809
P02,V2_video1_normal,normal,O2,cierre_ocular,1608,2021,1620,1,12,0.40008571428571427
P02,V2_video1_normal,normal,O2,bostezo,579,754,655,1,76,2.5338761904761906
P02,V2_video2_lentes,lentes,O1,cierre_ocular,499,585,516,1,17,0.5669971264367816
P02,V2_video2_lentes,lentes,O1,cierre_ocular,614,989,623,1,9,0.30017494929006083
P02,V2_video2_lentes,lentes,O1,cierre_ocular,1516,1755,1528,1,12,0.4002332657200811
P02,V2_video2_lentes,lentes,O1,bostezo,1018,1203,1104,1,86,2.868338404327248
P02,V2_video2_lentes,lentes,O2,cierre_ocular,499,585,516,1,17,0.5669971264367816
P02,V2_video2_lentes,lentes,O2,cierre_ocular,614,989,623,1,9,0.30017494929006083
P02,V2_video2_lentes,lentes,O2,cierre_ocular,1516,1755,1528,1,12,0.4002332657200811
P02,V2_video2_lentes,lentes,O2,bostezo,1018,1203,1106,1,88,2.935043948613928
P03,V3_video1_normal,normal,O1,cierre_ocular,309,439,325,1,16,0.5331881687793846
P03,V3_video1_normal,normal,O1,cierre_ocular,778,911,801,1,23,0.7664579926203654
P03,V3_video1_normal,normal,O1,cierre_ocular,1099,1243,1117,1,18,0.5998366898768077
P03,V3_video1_normal,normal,O1,cierre_ocular,1578,1811,1586,1,8,0.2665940843896923
P03,V3_video1_normal,normal,O1,cierre_ocular,2046,2190,2051,1,5,0.1666213027435577
P03,V3_video1_normal,normal,O1,cierre_ocular,2620,2682,2634,1,14,0.46653964768196154
P03,V3_video1_normal,normal,O1,cierre_ocular,3318,3394,3322,1,4,0.13329704219484614
P03,V3_video1_normal,normal,O1,bostezo,346,452,431,1,85,2.832562146640481
P03,V3_video1_normal,normal,O1,bostezo,771,889,863,1,92,3.0658319704814616
P03,V3_video1_normal,normal,O1,bostezo,1687,1813,1778,1,91,3.03250770993275
P03,V3_video1_normal,normal,O1,bostezo,2264,2370,2349,1,85,2.832562146640481
P03,V3_video1_normal,normal,O1,bostezo,2968,3095,3056,1,88,2.9325349282866155
P03,V3_video1_normal,normal,O2,cierre_ocular,309,439,349,1,40,1.3329704219484615
P03,V3_video1_normal,normal,O2,cierre_ocular,778,911,801,1,23,0.7664579926203654
P03,V3_video1_normal,normal,O2,cierre_ocular,1099,1243,1117,1,18,0.5998366898768077
P03,V3_video1_normal,normal,O2,cierre_ocular,1578,1811,1608,1,30,0.9997278164613462
P03,V3_video1_normal,normal,O2,cierre_ocular,2046,2190,2086,1,40,1.3329704219484615
P03,V3_video1_normal,normal,O2,cierre_ocular,2620,2682,2634,1,14,0.46653964768196154
P03,V3_video1_normal,normal,O2,cierre_ocular,3318,3394,3322,1,4,0.13329704219484614
P03,V3_video1_normal,normal,O2,bostezo,346,452,437,1,91,3.03250770993275
P03,V3_video1_normal,normal,O2,bostezo,771,889,863,1,92,3.0658319704814616
P03,V3_video1_normal,normal,O2,bostezo,1687,1813,1778,1,91,3.03250770993275
P03,V3_video1_normal,normal,O2,bostezo,2264,2370,2350,1,86,2.8658864071891923
P03,V3_video1_normal,normal,O2,bostezo,2968,3095,3058,1,90,2.9991834493840384
P03,V3_video2_lentes,lentes,O1,cierre_ocular,252,487,276,1,24,0.7998358358358358
P03,V3_video2_lentes,lentes,O1,cierre_ocular,828,930,844,1,16,0.5332238905572239
P03,V3_video2_lentes,lentes,O1,cierre_ocular,1610,1790,1642,1,32,1.0664477811144477
P03,V3_video2_lentes,lentes,O1,cierre_ocular,2235,2429,2250,1,15,0.4998973973973974
P03,V3_video2_lentes,lentes,O1,cierre_ocular,2712,2931,2847,1,135,4.499076576576576
P03,V3_video2_lentes,lentes,O1,cierre_ocular,3368,3564,3392,1,24,0.7998358358358358
P03,V3_video2_lentes,lentes,O1,bostezo,888,1041,978,1,90,2.9993843843843844
P03,V3_video2_lentes,lentes,O1,bostezo,1330,1492,1424,1,94,3.1326903570236904
P03,V3_video2_lentes,lentes,O1,bostezo,2760,2929,2848,1,88,2.9327313980647314
P03,V3_video2_lentes,lentes,O2,cierre_ocular,252,487,347,1,95,3.166016850183517
P03,V3_video2_lentes,lentes,O2,cierre_ocular,828,930,914,1,86,2.8660784117450784
P03,V3_video2_lentes,lentes,O2,cierre_ocular,1610,1790,1679,1,69,2.299528028028028
P03,V3_video2_lentes,lentes,O2,cierre_ocular,2235,2429,2258,1,23,0.7665093426760093
P03,V3_video2_lentes,lentes,O2,cierre_ocular,2712,2931,2720,1,8,0.26661194527861193
P03,V3_video2_lentes,lentes,O2,cierre_ocular,3368,3564,3434,1,66,2.1995485485485484
P03,V3_video2_lentes,lentes,O2,bostezo,888,1041,984,1,96,3.1993433433433434
P03,V3_video2_lentes,lentes,O2,bostezo,1330,1492,1431,1,101,3.365975809142476
P03,V3_video2_lentes,lentes,O2,bostezo,2760,2929,2859,1,99,3.299322822822823
P04,V4_video1_normal,normal,O1,cierre_ocular,242,261,256,1,14,0.47780546942291124
P04,V4_video1_normal,normal,O1,cierre_ocular,549,616,567,1,18,0.6143213178294573
P04,V4_video1_normal,normal,O1,bostezo,421,533,493,1,72,2.4572852713178293
P04,V4_video1_normal,normal,O2,cierre_ocular,242,261,,0,,
P04,V4_video1_normal,normal,O2,cierre_ocular,549,616,,0,,
P04,V4_video1_normal,normal,O2,bostezo,421,533,,0,,
P04,V4_video2_pocaluz,poca_luz,O1,cierre_ocular,630,718,657,1,27,1.1405206849315068
P04,V4_video2_pocaluz,poca_luz,O1,bostezo,413,491,476,1,63,2.661214931506849
P04,V4_video2_pocaluz,poca_luz,O2,cierre_ocular,630,718,658,1,28,1.1827621917808218
P04,V4_video2_pocaluz,poca_luz,O2,bostezo,413,491,,0,,
P05,V5_video1_normal,normal,O1,cierre_ocular,792,881,,0,,
P05,V5_video1_normal,normal,O1,cierre_ocular,1024,1115,1033,1,9,0.3004165979988228
P05,V5_video1_normal,normal,O1,cierre_ocular,1228,1359,1240,1,12,0.40055546399843045
P05,V5_video1_normal,normal,O2,cierre_ocular,792,881,829,1,37,1.2350460139951605
P05,V5_video1_normal,normal,O2,cierre_ocular,1024,1115,1040,1,16,0.5340739519979072
P05,V5_video1_normal,normal,O2,cierre_ocular,1228,1359,1244,1,16,0.5340739519979072
P05,V5_video2_pocaluz,poca_luz,O1,cierre_ocular,600,715,611,1,11,0.36711865628604384
P05,V5_video2_pocaluz,poca_luz,O1,cierre_ocular,817,901,818,1,1,0.033374423298731255
P05,V5_video2_pocaluz,poca_luz,O2,cierre_ocular,600,715,,0,,
P05,V5_video2_pocaluz,poca_luz,O2,cierre_ocular,817,901,,0,,
P06,V6_video1_normal,normal,O1,cierre_ocular,741,850,758,1,17,0.5666380471380471
P06,V6_video1_normal,normal,O1,cierre_ocular,1011,1124,1037,1,26,0.8666228956228956
P06,V6_video1_normal,normal,O1,cierre_ocular,1245,1341,1272,1,27,0.8999545454545455
P06,V6_video1_normal,normal,O1,bostezo,1410,1513,1493,1,83,2.766526936026936
P06,V6_video1_normal,normal,O1,bostezo,1665,1761,1749,1,84,2.7998585858585856
P06,V6_video1_normal,normal,O2,cierre_ocular,741,850,762,1,21,0.6999646464646464
P06,V6_video1_normal,normal,O2,cierre_ocular,1011,1124,1040,1,29,0.9666178451178451
P06,V6_video1_normal,normal,O2,cierre_ocular,1245,1341,1272,1,27,0.8999545454545455
P06,V6_video1_normal,normal,O2,bostezo,1410,1513,1500,1,90,2.9998484848484845
P06,V6_video1_normal,normal,O2,bostezo,1665,1761,,0,,
P06,V6_video2_pocaluz,poca_luz,O1,cierre_ocular,695,882,735,1,40,1.3332543443917853
P06,V6_video2_pocaluz,poca_luz,O1,cierre_ocular,990,1197,1042,1,52,1.7332306477093207
P06,V6_video2_pocaluz,poca_luz,O1,cierre_ocular,1315,1460,1326,1,11,0.36664494470774095
P06,V6_video2_pocaluz,poca_luz,O1,bostezo,1669,1780,1701,1,32,1.0666034755134282
P06,V6_video2_pocaluz,poca_luz,O1,bostezo,1912,2069,1963,1,51,1.6998992890995261
P06,V6_video2_pocaluz,poca_luz,O1,bostezo,2413,2506,2435,1,22,0.7332898894154819
P06,V6_video2_pocaluz,poca_luz,O2,cierre_ocular,695,882,744,1,49,1.6332365718799369
P06,V6_video2_pocaluz,poca_luz,O2,cierre_ocular,990,1197,1116,1,126,4.199751184834123
P06,V6_video2_pocaluz,poca_luz,O2,cierre_ocular,1315,1460,1326,1,11,0.36664494470774095
P06,V6_video2_pocaluz,poca_luz,O2,bostezo,1669,1780,1766,1,97,3.233141785150079
P06,V6_video2_pocaluz,poca_luz,O2,bostezo,1912,2069,2026,1,114,3.799774881516588
P06,V6_video2_pocaluz,poca_luz,O2,bostezo,2413,2506,2478,1,65,2.166538309636651
P07,V7_video1_normal,normal,O1,cierre_ocular,651,714,668,1,17,0.566621906266456
P07,V7_video1_normal,normal,O1,cierre_ocular,823,925,838,1,15,0.4999605055292259
P07,V7_video1_normal,normal,O1,cierre_ocular,997,1087,1017,1,20,0.6666140073723013
P07,V7_video1_normal,normal,O2,cierre_ocular,651,714,682,1,31,1.033251711427067
P07,V7_video1_normal,normal,O2,cierre_ocular,823,925,867,1,44,1.4665508162190626
P07,V7_video1_normal,normal,O2,cierre_ocular,997,1087,1034,1,37,1.2332359136387572
P07,V7_video2_pocaluz,poca_luz,O1,cierre_ocular,701,814,716,1,15,0.4999674267100977
P07,V7_video2_pocaluz,poca_luz,O1,cierre_ocular,900,1004,916,1,16,0.5332985884907709
P07,V7_video2_pocaluz,poca_luz,O1,cierre_ocular,1064,1150,1080,1,16,0.5332985884907709
P07,V7_video2_pocaluz,poca_luz,O2,cierre_ocular,701,814,727,1,26,0.8666102062975027
P07,V7_video2_pocaluz,poca_luz,O2,cierre_ocular,900,1004,917,1,17,0.5666297502714441
P07,V7_video2_pocaluz,poca_luz,O2,cierre_ocular,1064,1150,1081,1,17,0.5666297502714441
P08,V8_video1_normal,normal,O1,cierre_ocular,1078,1228,1096,1,18,0.5999609035621198
P08,V8_video1_normal,normal,O1,cierre_ocular,1717,1865,1757,1,40,1.3332464523602665
P08,V8_video1_normal,normal,O1,cierre_ocular,2126,2257,,0,,
P08,V8_video1_normal,normal,O2,cierre_ocular,1078,1228,1096,1,18,0.5999609035621198
P08,V8_video1_normal,normal,O2,cierre_ocular,1717,1865,1757,1,40,1.3332464523602665
P08,V8_video1_normal,normal,O2,cierre_ocular,2126,2257,,0,,
P08,V8_video2_lentes,lentes,O1,cierre_ocular,1088,1223,1131,1,43,1.4332581716483133
P08,V8_video2_lentes,lentes,O1,cierre_ocular,1730,1789,1746,1,16,0.5333053661947212
P08,V8_video2_lentes,lentes,O1,bostezo,1262,1377,1346,1,84,2.7998531725222864
P08,V8_video2_lentes,lentes,O1,bostezo,1558,1669,1648,1,90,2.999842684845307
P08,V8_video2_lentes,lentes,O2,cierre_ocular,1088,1223,1140,1,52,1.733242440132844
P08,V8_video2_lentes,lentes,O2,cierre_ocular,1730,1789,1746,1,16,0.5333053661947212
P08,V8_video2_lentes,lentes,O2,bostezo,1262,1377,,0,,
P08,V8_video2_lentes,lentes,O2,bostezo,1558,1669,1652,1,94,3.133169026393987
P09,V9_video1_normal,normal,O1,cierre_ocular,717,770,734,1,17,0.5666525431833125
P09,V9_video1_normal,normal,O1,cierre_ocular,859,971,876,1,17,0.5666525431833125
P09,V9_video1_normal,normal,O1,cierre_ocular,1073,1188,1090,1,17,0.5666525431833125
P09,V9_video1_normal,normal,O1,bostezo,1325,1428,1395,1,70,2.3332751778136394
P09,V9_video1_normal,normal,O1,bostezo,1552,1660,,0,,
P09,V9_video1_normal,normal,O2,cierre_ocular,717,770,,0,,
P09,V9_video1_normal,normal,O2,cierre_ocular,859,971,,0,,
P09,V9_video1_normal,normal,O2,cierre_ocular,1073,1188,,0,,
P09,V9_video1_normal,normal,O2,bostezo,1325,1428,1396,1,71,2.3666076803538343
P09,V9_video1_normal,normal,O2,bostezo,1552,1660,,0,,
P09,V9_video2_pocaluz,poca_luz,O1,cierre_ocular,613,710,632,1,19,0.7916467328545275
P09,V9_video2_pocaluz,poca_luz,O1,cierre_ocular,785,911,801,1,16,0.6666498802985494
P09,V9_video2_pocaluz,poca_luz,O1,cierre_ocular,971,1098,986,1,15,0.6249842627798902
P09,V9_video2_pocaluz,poca_luz,O1,bostezo,1169,1244,1236,1,67,2.791596373750176
P09,V9_video2_pocaluz,poca_luz,O1,bostezo,1351,1464,1412,1,61,2.54160266863822
P09,V9_video2_pocaluz,poca_luz,O2,cierre_ocular,613,710,681,1,68,2.8332619912688353
P09,V9_video2_pocaluz,poca_luz,O2,cierre_ocular,785,911,801,1,16,0.6666498802985494
P09,V9_video2_pocaluz,poca_luz,O2,cierre_ocular,971,1098,986,1,15,0.6249842627798902
P09,V9_video2_pocaluz,poca_luz,O2,bostezo,1169,1244,1236,1,67,2.791596373750176
P09,V9_video2_pocaluz,poca_luz,O2,bostezo,1351,1464,1412,1,61,2.54160266863822
