enfoque,evento,frame_inicio_gt,frame_fin_gt,resultado,participante,video,condicion
O1,cierre_ocular,784,911,TP,P01,V1_video1_normal,normal
O1,cierre_ocular,1139,1287,TP,P01,V1_video1_normal,normal
O1,cierre_ocular,1503,1683,TP,P01,V1_video1_normal,normal
O1,bostezo,1794,1964,TP,P01,V1_video1_normal,normal
O1,bostezo,2111,2267,TP,P01,V1_video1_normal,normal
O2,cierre_ocular,784,911,TP,P01,V1_video1_normal,normal
O2,cierre_ocular,1139,1287,TP,P01,V1_video1_normal,normal
O2,cierre_ocular,1503,1683,TP,P01,V1_video1_normal,normal
O2,bostezo,1794,1964,TP,P01,V1_video1_normal,normal
O2,bostezo,2111,2267,TP,P01,V1_video1_normal,normal
O1,cierre_ocular,572,664,TP,P01,V1_video2_pocaluz,poca_luz
O1,cierre_ocular,772,851,TP,P01,V1_video2_pocaluz,poca_luz
O1,cierre_ocular,920,1041,TP,P01,V1_video2_pocaluz,poca_luz
O1,bostezo,1122,1227,TP,P01,V1_video2_pocaluz,poca_luz
O1,bostezo,1348,1463,TP,P01,V1_video2_pocaluz,poca_luz
O2,cierre_ocular,572,664,TP,P01,V1_video2_pocaluz,poca_luz
O2,cierre_ocular,772,851,TP,P01,V1_video2_pocaluz,poca_luz
O2,cierre_ocular,920,1041,TP,P01,V1_video2_pocaluz,poca_luz
O2,bostezo,1122,1227,TP,P01,V1_video2_pocaluz,poca_luz
O2,bostezo,1348,1463,TP,P01,V1_video2_pocaluz,poca_luz
O1,cierre_ocular,789,1034,TP,P02,V2_video1_normal,normal
O1,cierre_ocular,1427,1541,TP,P02,V2_video1_normal,normal
O1,cierre_ocular,1608,2021,TP,P02,V2_video1_normal,normal
O1,bostezo,579,754,TP,P02,V2_video1_normal,normal
O2,cierre_ocular,789,1034,TP,P02,V2_video1_normal,normal
O2,cierre_ocular,1427,1541,TP,P02,V2_video1_normal,normal
O2,cierre_ocular,1608,2021,TP,P02,V2_video1_normal,normal
O2,bostezo,579,754,TP,P02,V2_video1_normal,normal
O1,cierre_ocular,499,585,TP,P02,V2_video2_lentes,lentes
O1,cierre_ocular,614,989,TP,P02,V2_video2_lentes,lentes
O1,cierre_ocular,1516,1755,TP,P02,V2_video2_lentes,lentes
O1,bostezo,1018,1203,TP,P02,V2_video2_lentes,lentes
O2,cierre_ocular,499,585,TP,P02,V2_video2_lentes,lentes
O2,cierre_ocular,614,989,TP,P02,V2_video2_lentes,lentes
O2,cierre_ocular,1516,1755,TP,P02,V2_video2_lentes,lentes
O2,bostezo,1018,1203,TP,P02,V2_video2_lentes,lentes
O1,cierre_ocular,309,439,TP,P03,V3_video1_normal,normal
O1,cierre_ocular,778,911,TP,P03,V3_video1_normal,normal
O1,cierre_ocular,1099,1243,TP,P03,V3_video1_normal,normal
O1,cierre_ocular,1578,1811,TP,P03,V3_video1_normal,normal
O1,cierre_ocular,2046,2190,TP,P03,V3_video1_normal,normal
O1,cierre_ocular,2620,2682,TP,P03,V3_video1_normal,normal
O1,cierre_ocular,3318,3394,TP,P03,V3_video1_normal,normal
O1,bostezo,346,452,TP,P03,V3_video1_normal,normal
O1,bostezo,771,889,TP,P03,V3_video1_normal,normal
O1,bostezo,1687,1813,TP,P03,V3_video1_normal,normal
O1,bostezo,2264,2370,TP,P03,V3_video1_normal,normal
O1,bostezo,2968,3095,TP,P03,V3_video1_normal,normal
O2,cierre_ocular,309,439,TP,P03,V3_video1_normal,normal
O2,cierre_ocular,778,911,TP,P03,V3_video1_normal,normal
O2,cierre_ocular,1099,1243,TP,P03,V3_video1_normal,normal
O2,cierre_ocular,1578,1811,TP,P03,V3_video1_normal,normal
O2,cierre_ocular,2046,2190,TP,P03,V3_video1_normal,normal
O2,cierre_ocular,2620,2682,TP,P03,V3_video1_normal,normal
O2,cierre_ocular,3318,3394,TP,P03,V3_video1_normal,normal
O2,bostezo,346,452,TP,P03,V3_video1_normal,normal
O2,bostezo,771,889,TP,P03,V3_video1_normal,normal
O2,bostezo,1687,1813,TP,P03,V3_video1_normal,normal
O2,bostezo,2264,2370,TP,P03,V3_video1_normal,normal
O2,bostezo,2968,3095,TP,P03,V3_video1_normal,normal
O1,cierre_ocular,252,487,TP,P03,V3_video2_lentes,lentes
O1,cierre_ocular,828,930,TP,P03,V3_video2_lentes,lentes
O1,cierre_ocular,1610,1790,TP,P03,V3_video2_lentes,lentes
O1,cierre_ocular,2235,2429,TP,P03,V3_video2_lentes,lentes
O1,cierre_ocular,2712,2931,TP,P03,V3_video2_lentes,lentes
O1,cierre_ocular,3368,3564,TP,P03,V3_video2_lentes,lentes
O1,bostezo,888,1041,TP,P03,V3_video2_lentes,lentes
O1,bostezo,1330,1492,TP,P03,V3_video2_lentes,lentes
O1,bostezo,2760,2929,TP,P03,V3_video2_lentes,lentes
O2,cierre_ocular,252,487,TP,P03,V3_video2_lentes,lentes
O2,cierre_ocular,828,930,TP,P03,V3_video2_lentes,lentes
O2,cierre_ocular,1610,1790,TP,P03,V3_video2_lentes,lentes
O2,cierre_ocular,2235,2429,TP,P03,V3_video2_lentes,lentes
O2,cierre_ocular,2712,2931,TP,P03,V3_video2_lentes,lentes
O2,cierre_ocular,3368,3564,TP,P03,V3_video2_lentes,lentes
O2,bostezo,888,1041,TP,P03,V3_video2_lentes,lentes
O2,bostezo,1330,1492,TP,P03,V3_video2_lentes,lentes
O2,bostezo,2760,2929,TP,P03,V3_video2_lentes,lentes
O1,cierre_ocular,242,261,TP,P04,V4_video1_normal,normal
O1,cierre_ocular,549,616,TP,P04,V4_video1_normal,normal
O1,bostezo,421,533,TP,P04,V4_video1_normal,normal
O2,cierre_ocular,242,261,FN,P04,V4_video1_normal,normal
O2,cierre_ocular,549,616,FN,P04,V4_video1_normal,normal
O2,bostezo,421,533,FN,P04,V4_video1_normal,normal
O1,cierre_ocular,630,718,TP,P04,V4_video2_pocaluz,poca_luz
O1,bostezo,413,491,TP,P04,V4_video2_pocaluz,poca_luz
O2,cierre_ocular,630,718,TP,P04,V4_video2_pocaluz,poca_luz
O2,bostezo,413,491,FN,P04,V4_video2_pocaluz,poca_luz
O1,cierre_ocular,792,881,FN,P05,V5_video1_normal,normal
O1,cierre_ocular,1024,1115,TP,P05,V5_video1_normal,normal
O1,cierre_ocular,1228,1359,TP,P05,V5_video1_normal,normal
O2,cierre_ocular,792,881,TP,P05,V5_video1_normal,normal
O2,cierre_ocular,1024,1115,TP,P05,V5_video1_normal,normal
O2,cierre_ocular,1228,1359,TP,P05,V5_video1_normal,normal
O1,cierre_ocular,600,715,TP,P05,V5_video2_pocaluz,poca_luz
O1,cierre_ocular,817,901,TP,P05,V5_video2_pocaluz,poca_luz
O2,cierre_ocular,600,715,FN,P05,V5_video2_pocaluz,poca_luz
O2,cierre_ocular,817,901,FN,P05,V5_video2_pocaluz,poca_luz
O1,cierre_ocular,741,850,TP,P06,V6_video1_normal,normal
O1,cierre_ocular,1011,1124,TP,P06,V6_video1_normal,normal
O1,cierre_ocular,1245,1341,TP,P06,V6_video1_normal,normal
O1,bostezo,1410,1513,TP,P06,V6_video1_normal,normal
O1,bostezo,1665,1761,TP,P06,V6_video1_normal,normal
O2,cierre_ocular,741,850,TP,P06,V6_video1_normal,normal
O2,cierre_ocular,1011,1124,TP,P06,V6_video1_normal,normal
O2,cierre_ocular,1245,1341,TP,P06,V6_video1_normal,normal
O2,bostezo,1410,1513,TP,P06,V6_video1_normal,normal
O2,bostezo,1665,1761,FN,P06,V6_video1_normal,normal
O1,cierre_ocular,695,882,TP,P06,V6_video2_pocaluz,poca_luz
O1,cierre_ocular,990,1197,TP,P06,V6_video2_pocaluz,poca_luz
O1,cierre_ocular,1315,1460,TP,P06,V6_video2_pocaluz,poca_luz
O1,bostezo,1669,1780,TP,P06,V6_video2_pocaluz,poca_luz
O1,bostezo,1912,2069,TP,P06,V6_video2_pocaluz,poca_luz
O1,bostezo,2413,2506,TP,P06,V6_video2_pocaluz,poca_luz
O2,cierre_ocular,695,882,TP,P06,V6_video2_pocaluz,poca_luz
O2,cierre_ocular,990,1197,TP,P06,V6_video2_pocaluz,poca_luz
O2,cierre_ocular,1315,1460,TP,P06,V6_video2_pocaluz,poca_luz
O2,bostezo,1669,1780,TP,P06,V6_video2_pocaluz,poca_luz
O2,bostezo,1912,2069,TP,P06,V6_video2_pocaluz,poca_luz
O2,bostezo,2413,2506,TP,P06,V6_video2_pocaluz,poca_luz
O1,cierre_ocular,651,714,TP,P07,V7_video1_normal,normal
O1,cierre_ocular,823,925,TP,P07,V7_video1_normal,normal
O1,cierre_ocular,997,1087,TP,P07,V7_video1_normal,normal
O2,cierre_ocular,651,714,TP,P07,V7_video1_normal,normal
O2,cierre_ocular,823,925,TP,P07,V7_video1_normal,normal
O2,cierre_ocular,997,1087,TP,P07,V7_video1_normal,normal
O1,cierre_ocular,701,814,TP,P07,V7_video2_pocaluz,poca_luz
O1,cierre_ocular,900,1004,TP,P07,V7_video2_pocaluz,poca_luz
O1,cierre_ocular,1064,1150,TP,P07,V7_video2_pocaluz,poca_luz
O2,cierre_ocular,701,814,TP,P07,V7_video2_pocaluz,poca_luz
O2,cierre_ocular,900,1004,TP,P07,V7_video2_pocaluz,poca_luz
O2,cierre_ocular,1064,1150,TP,P07,V7_video2_pocaluz,poca_luz
O1,cierre_ocular,1078,1228,TP,P08,V8_video1_normal,normal
O1,cierre_ocular,1717,1865,TP,P08,V8_video1_normal,normal
O1,cierre_ocular,2126,2257,FN,P08,V8_video1_normal,normal
O2,cierre_ocular,1078,1228,TP,P08,V8_video1_normal,normal
O2,cierre_ocular,1717,1865,TP,P08,V8_video1_normal,normal
O2,cierre_ocular,2126,2257,FN,P08,V8_video1_normal,normal
O1,cierre_ocular,1088,1223,TP,P08,V8_video2_lentes,lentes
O1,cierre_ocular,1730,1789,TP,P08,V8_video2_lentes,lentes
O1,bostezo,1262,1377,TP,P08,V8_video2_lentes,lentes
O1,bostezo,1558,1669,TP,P08,V8_video2_lentes,lentes
O2,cierre_ocular,1088,1223,TP,P08,V8_video2_lentes,lentes
O2,cierre_ocular,1730,1789,TP,P08,V8_video2_lentes,lentes
O2,bostezo,1262,1377,FN,P08,V8_video2_lentes,lentes
O2,bostezo,1558,1669,TP,P08,V8_video2_lentes,lentes
O1,cierre_ocular,717,770,TP,P09,V9_video1_normal,normal
O1,cierre_ocular,859,971,TP,P09,V9_video1_normal,normal
O1,cierre_ocular,1073,1188,TP,P09,V9_video1_normal,normal
O1,bostezo,1325,1428,TP,P09,V9_video1_normal,normal
O1,bostezo,1552,1660,FN,P09,V9_video1_normal,normal
O2,cierre_ocular,717,770,FN,P09,V9_video1_normal,normal
O2,cierre_ocular,859,971,FN,P09,V9_video1_normal,normal
O2,cierre_ocular,1073,1188,FN,P09,V9_video1_normal,normal
O2,bostezo,1325,1428,TP,P09,V9_video1_normal,normal
O2,bostezo,1552,1660,FN,P09,V9_video1_normal,normal
O1,cierre_ocular,613,710,TP,P09,V9_video2_pocaluz,poca_luz
O1,cierre_ocular,785,911,TP,P09,V9_video2_pocaluz,poca_luz
O1,cierre_ocular,971,1098,TP,P09,V9_video2_pocaluz,poca_luz
O1,bostezo,1169,1244,TP,P09,V9_video2_pocaluz,poca_luz
O1,bostezo,1351,1464,TP,P09,V9_video2_pocaluz,poca_luz
O2,cierre_ocular,613,710,TP,P09,V9_video2_pocaluz,poca_luz
O2,cierre_ocular,785,911,TP,P09,V9_video2_pocaluz,poca_luz
O2,cierre_ocular,971,1098,TP,P09,V9_video2_pocaluz,poca_luz
O2,bostezo,1169,1244,TP,P09,V9_video2_pocaluz,poca_luz
O2,bostezo,1351,1464,TP,P09,V9_video2_pocaluz,poca_luz
