enfoque,evento,frame_alerta,clasificacion,participante,video,condicion
O1,cierre_ocular,811,TP,P01,V1_video1_normal,normal
O1,cierre_ocular,1159,TP,P01,V1_video1_normal,normal
O1,cierre_ocular,1540,TP,P01,V1_video1_normal,normal
O1,bostezo,1864,TP,P01,V1_video1_normal,normal
O1,bostezo,2194,TP,P01,V1_video1_normal,normal
O2,cierre_ocular,843,TP,P01,V1_video1_normal,normal
O2,cierre_ocular,1163,TP,P01,V1_video1_normal,normal
O2,cierre_ocular,1193,DUPLICADA_IGNORADA,P01,V1_video1_normal,normal
O2,cierre_ocular,1224,DUPLICADA_IGNORADA,P01,V1_video1_normal,normal
O2,cierre_ocular,1245,DUPLICADA_IGNORADA,P01,V1_video1_normal,normal
O2,cierre_ocular,1540,TP,P01,V1_video1_normal,normal
O2,cierre_ocular,1600,DUPLICADA_IGNORADA,P01,V1_video1_normal,normal
O2,bostezo,1864,TP,P01,V1_video1_normal,normal
O2,bostezo,2195,TP,P01,V1_video1_normal,normal
O1,cierre_ocular,583,TP,P01,V1_video2_pocaluz,poca_luz
O1,cierre_ocular,783,TP,P01,V1_video2_pocaluz,poca_luz
O1,cierre_ocular,944,TP,P01,V1_video2_pocaluz,poca_luz
O1,cierre_ocular,1154,FP,P01,V1_video2_pocaluz,poca_luz
O1,cierre_ocular,1432,FP,P01,V1_video2_pocaluz,poca_luz
O1,bostezo,1185,TP,P01,V1_video2_pocaluz,poca_luz
O1,bostezo,1414,TP,P01,V1_video2_pocaluz,poca_luz
O2,cierre_ocular,609,TP,P01,V1_video2_pocaluz,poca_luz
O2,cierre_ocular,639,DUPLICADA_IGNORADA,P01,V1_video2_pocaluz,poca_luz
O2,cierre_ocular,814,TP,P01,V1_video2_pocaluz,poca_luz
O2,cierre_ocular,1017,TP,P01,V1_video2_pocaluz,poca_luz
O2,cierre_ocular,1154,FP,P01,V1_video2_pocaluz,poca_luz
O2,bostezo,1186,TP,P01,V1_video2_pocaluz,poca_luz
O2,bostezo,1415,TP,P01,V1_video2_pocaluz,poca_luz
O1,cierre_ocular,468,FP,P02,V2_video1_normal,normal
O1,cierre_ocular,805,TP,P02,V2_video1_normal,normal
O1,cierre_ocular,1060,FP,P02,V2_video1_normal,normal
O1,cierre_ocular,1355,FP,P02,V2_video1_normal,normal
O1,cierre_ocular,1452,TP,P02,V2_video1_normal,normal
O1,cierre_ocular,1619,TP,P02,V2_video1_normal,normal
O1,bostezo,654,TP,P02,V2_video1_normal,normal
O2,cierre_ocular,810,TP,P02,V2_video1_normal,normal
O2,cierre_ocular,1060,FP,P02,V2_video1_normal,normal
O2,cierre_ocular,1355,FP,P02,V2_video1_normal,normal
O2,cierre_ocular,1453,TP,P02,V2_video1_normal,normal
O2,cierre_ocular,1620,TP,P02,V2_video1_normal,normal
O2,bostezo,655,TP,P02,V2_video1_normal,normal
O1,cierre_ocular,249,FP,P02,V2_video2_lentes,lentes
O1,cierre_ocular,397,FP,P02,V2_video2_lentes,lentes
O1,cierre_ocular,456,FP,P02,V2_video2_lentes,lentes
O1,cierre_ocular,516,TP,P02,V2_video2_lentes,lentes
O1,cierre_ocular,623,TP,P02,V2_video2_lentes,lentes
O1,cierre_ocular,1123,FP,P02,V2_video2_lentes,lentes
O1,cierre_ocular,1400,FP,P02,V2_video2_lentes,lentes
O1,cierre_ocular,1528,TP,P02,V2_video2_lentes,lentes
O1,cierre_ocular,1878,FP,P02,V2_video2_lentes,lentes
O1,bostezo,1104,TP,P02,V2_video2_lentes,lentes
O2,cierre_ocular,249,FP,P02,V2_video2_lentes,lentes
O2,cierre_ocular,397,FP,P02,V2_video2_lentes,lentes
O2,cierre_ocular,456,FP,P02,V2_video2_lentes,lentes
O2,cierre_ocular,516,TP,P02,V2_video2_lentes,lentes
O2,cierre_ocular,623,TP,P02,V2_video2_lentes,lentes
O2,cierre_ocular,762,DUPLICADA_IGNORADA,P02,V2_video2_lentes,lentes
O2,cierre_ocular,859,DUPLICADA_IGNORADA,P02,V2_video2_lentes,lentes
O2,cierre_ocular,876,DUPLICADA_IGNORADA,P02,V2_video2_lentes,lentes
O2,cierre_ocular,930,DUPLICADA_IGNORADA,P02,V2_video2_lentes,lentes
O2,cierre_ocular,1123,FP,P02,V2_video2_lentes,lentes
O2,cierre_ocular,1400,FP,P02,V2_video2_lentes,lentes
O2,cierre_ocular,1528,TP,P02,V2_video2_lentes,lentes
O2,cierre_ocular,1661,DUPLICADA_IGNORADA,P02,V2_video2_lentes,lentes
O2,cierre_ocular,1878,FP,P02,V2_video2_lentes,lentes
O2,bostezo,1106,TP,P02,V2_video2_lentes,lentes
O1,cierre_ocular,191,FP,P03,V3_video1_normal,normal
O1,cierre_ocular,325,TP,P03,V3_video1_normal,normal
O1,cierre_ocular,801,TP,P03,V3_video1_normal,normal
O1,cierre_ocular,1117,TP,P03,V3_video1_normal,normal
O1,cierre_ocular,1216,DUPLICADA_IGNORADA,P03,V3_video1_normal,normal
O1,cierre_ocular,1463,FP,P03,V3_video1_normal,normal
O1,cierre_ocular,1586,TP,P03,V3_video1_normal,normal
O1,cierre_ocular,1921,FP,P03,V3_video1_normal,normal
O1,cierre_ocular,2051,TP,P03,V3_video1_normal,normal
O1,cierre_ocular,2073,DUPLICADA_IGNORADA,P03,V3_video1_normal,normal
O1,cierre_ocular,2268,FP,P03,V3_video1_normal,normal
O1,cierre_ocular,2353,FP,P03,V3_video1_normal,normal
O1,cierre_ocular,2634,TP,P03,V3_video1_normal,normal
O1,cierre_ocular,2983,FP,P03,V3_video1_normal,normal
O1,cierre_ocular,3322,TP,P03,V3_video1_normal,normal
O1,cierre_ocular,3640,FP,P03,V3_video1_normal,normal
O1,bostezo,431,TP,P03,V3_video1_normal,normal
O1,bostezo,863,TP,P03,V3_video1_normal,normal
O1,bostezo,1778,TP,P03,V3_video1_normal,normal
O1,bostezo,2349,TP,P03,V3_video1_normal,normal
O1,bostezo,3056,TP,P03,V3_video1_normal,normal
O2,cierre_ocular,211,FP,P03,V3_video1_normal,normal
O2,cierre_ocular,349,TP,P03,V3_video1_normal,normal
O2,cierre_ocular,418,DUPLICADA_IGNORADA,P03,V3_video1_normal,normal
O2,cierre_ocular,801,TP,P03,V3_video1_normal,normal
O2,cierre_ocular,846,DUPLICADA_IGNORADA,P03,V3_video1_normal,normal
O2,cierre_ocular,879,DUPLICADA_IGNORADA,P03,V3_video1_normal,normal
O2,cierre_ocular,1117,TP,P03,V3_video1_normal,normal
O2,cierre_ocular,1182,DUPLICADA_IGNORADA,P03,V3_video1_normal,normal
O2,cierre_ocular,1216,DUPLICADA_IGNORADA,P03,V3_video1_normal,normal
O2,cierre_ocular,1473,FP,P03,V3_video1_normal,normal
O2,cierre_ocular,1608,TP,P03,V3_video1_normal,normal
O2,cierre_ocular,1646,DUPLICADA_IGNORADA,P03,V3_video1_normal,normal
O2,cierre_ocular,1714,DUPLICADA_IGNORADA,P03,V3_video1_normal,normal
O2,cierre_ocular,1735,DUPLICADA_IGNORADA,P03,V3_video1_normal,normal
O2,cierre_ocular,1921,FP,P03,V3_video1_normal,normal
O2,cierre_ocular,2086,TP,P03,V3_video1_normal,normal
O2,cierre_ocular,2139,DUPLICADA_IGNORADA,P03,V3_video1_normal,normal
O2,cierre_ocular,2353,FP,P03,V3_video1_normal,normal
O2,cierre_ocular,2634,TP,P03,V3_video1_normal,normal
O2,cierre_ocular,2656,DUPLICADA_IGNORADA,P03,V3_video1_normal,normal
O2,cierre_ocular,2997,FP,P03,V3_video1_normal,normal
O2,cierre_ocular,3017,FP,P03,V3_video1_normal,normal
O2,cierre_ocular,3322,TP,P03,V3_video1_normal,normal
O2,cierre_ocular,3346,DUPLICADA_IGNORADA,P03,V3_video1_normal,normal
O2,cierre_ocular,3640,FP,P03,V3_video1_normal,normal
O2,bostezo,437,TP,P03,V3_video1_normal,normal
O2,bostezo,863,TP,P03,V3_video1_normal,normal
O2,bostezo,1778,TP,P03,V3_video1_normal,normal
O2,bostezo,2350,TP,P03,V3_video1_normal,normal
O2,bostezo,3058,TP,P03,V3_video1_normal,normal
O1,cierre_ocular,276,TP,P03,V3_video2_lentes,lentes
O1,cierre_ocular,754,FP,P03,V3_video2_lentes,lentes
O1,cierre_ocular,844,TP,P03,V3_video2_lentes,lentes
O1,cierre_ocular,954,FP,P03,V3_video2_lentes,lentes
O1,cierre_ocular,992,FP,P03,V3_video2_lentes,lentes
O1,cierre_ocular,1337,FP,P03,V3_video2_lentes,lentes
O1,cierre_ocular,1387,FP,P03,V3_video2_lentes,lentes
O1,cierre_ocular,1414,FP,P03,V3_video2_lentes,lentes
O1,cierre_ocular,1432,FP,P03,V3_video2_lentes,lentes
O1,cierre_ocular,1642,TP,P03,V3_video2_lentes,lentes
O1,cierre_ocular,2250,TP,P03,V3_video2_lentes,lentes
O1,cierre_ocular,2709,FP,P03,V3_video2_lentes,lentes
O1,cierre_ocular,2847,TP,P03,V3_video2_lentes,lentes
O1,cierre_ocular,3392,TP,P03,V3_video2_lentes,lentes
O1,bostezo,978,TP,P03,V3_video2_lentes,lentes
O1,bostezo,1424,TP,P03,V3_video2_lentes,lentes
O1,bostezo,2848,TP,P03,V3_video2_lentes,lentes
O2,cierre_ocular,347,TP,P03,V3_video2_lentes,lentes
O2,cierre_ocular,386,DUPLICADA_IGNORADA,P03,V3_video2_lentes,lentes
O2,cierre_ocular,441,DUPLICADA_IGNORADA,P03,V3_video2_lentes,lentes
O2,cierre_ocular,464,DUPLICADA_IGNORADA,P03,V3_video2_lentes,lentes
O2,cierre_ocular,914,TP,P03,V3_video2_lentes,lentes
O2,cierre_ocular,954,FP,P03,V3_video2_lentes,lentes
O2,cierre_ocular,992,FP,P03,V3_video2_lentes,lentes
O2,cierre_ocular,1339,FP,P03,V3_video2_lentes,lentes
O2,cierre_ocular,1387,FP,P03,V3_video2_lentes,lentes
O2,cierre_ocular,1414,FP,P03,V3_video2_lentes,lentes
O2,cierre_ocular,1432,FP,P03,V3_video2_lentes,lentes
O2,cierre_ocular,1679,TP,P03,V3_video2_lentes,lentes
O2,cierre_ocular,1760,DUPLICADA_IGNORADA,P03,V3_video2_lentes,lentes
O2,cierre_ocular,2258,TP,P03,V3_video2_lentes,lentes
O2,cierre_ocular,2281,DUPLICADA_IGNORADA,P03,V3_video2_lentes,lentes
O2,cierre_ocular,2327,DUPLICADA_IGNORADA,P03,V3_video2_lentes,lentes
O2,cierre_ocular,2352,DUPLICADA_IGNORADA,P03,V3_video2_lentes,lentes
O2,cierre_ocular,2389,DUPLICADA_IGNORADA,P03,V3_video2_lentes,lentes
O2,cierre_ocular,2720,TP,P03,V3_video2_lentes,lentes
O2,cierre_ocular,2760,DUPLICADA_IGNORADA,P03,V3_video2_lentes,lentes
O2,cierre_ocular,2821,DUPLICADA_IGNORADA,P03,V3_video2_lentes,lentes
O2,cierre_ocular,2847,DUPLICADA_IGNORADA,P03,V3_video2_lentes,lentes
O2,cierre_ocular,3434,TP,P03,V3_video2_lentes,lentes
O2,cierre_ocular,3492,DUPLICADA_IGNORADA,P03,V3_video2_lentes,lentes
O2,cierre_ocular,3549,DUPLICADA_IGNORADA,P03,V3_video2_lentes,lentes
O2,bostezo,984,TP,P03,V3_video2_lentes,lentes
O2,bostezo,1431,TP,P03,V3_video2_lentes,lentes
O2,bostezo,2859,TP,P03,V3_video2_lentes,lentes
O1,cierre_ocular,256,TP,P04,V4_video1_normal,normal
O1,cierre_ocular,463,FP,P04,V4_video1_normal,normal
O1,cierre_ocular,508,FP,P04,V4_video1_normal,normal
O1,cierre_ocular,567,TP,P04,V4_video1_normal,normal
O1,cierre_ocular,756,FP,P04,V4_video1_normal,normal
O1,cierre_ocular,953,FP,P04,V4_video1_normal,normal
O1,bostezo,493,TP,P04,V4_video1_normal,normal
O2,cierre_ocular,463,FP,P04,V4_video1_normal,normal
O2,cierre_ocular,508,FP,P04,V4_video1_normal,normal
O2,cierre_ocular,759,FP,P04,V4_video1_normal,normal
O2,cierre_ocular,961,FP,P04,V4_video1_normal,normal
O1,cierre_ocular,174,FP,P04,V4_video2_pocaluz,poca_luz
O1,cierre_ocular,483,FP,P04,V4_video2_pocaluz,poca_luz
O1,cierre_ocular,519,FP,P04,V4_video2_pocaluz,poca_luz
O1,cierre_ocular,588,FP,P04,V4_video2_pocaluz,poca_luz
O1,cierre_ocular,657,TP,P04,V4_video2_pocaluz,poca_luz
O1,bostezo,476,TP,P04,V4_video2_pocaluz,poca_luz
O2,cierre_ocular,484,FP,P04,V4_video2_pocaluz,poca_luz
O2,cierre_ocular,527,FP,P04,V4_video2_pocaluz,poca_luz
O2,cierre_ocular,588,FP,P04,V4_video2_pocaluz,poca_luz
O2,cierre_ocular,658,TP,P04,V4_video2_pocaluz,poca_luz
O1,cierre_ocular,647,FP,P05,V5_video1_normal,normal
O1,cierre_ocular,788,FP,P05,V5_video1_normal,normal
O1,cierre_ocular,1033,TP,P05,V5_video1_normal,normal
O1,cierre_ocular,1240,TP,P05,V5_video1_normal,normal
O2,cierre_ocular,654,FP,P05,V5_video1_normal,normal
O2,cierre_ocular,829,TP,P05,V5_video1_normal,normal
O2,cierre_ocular,1040,TP,P05,V5_video1_normal,normal
O2,cierre_ocular,1101,DUPLICADA_IGNORADA,P05,V5_video1_normal,normal
O2,cierre_ocular,1244,TP,P05,V5_video1_normal,normal
O2,cierre_ocular,1338,DUPLICADA_IGNORADA,P05,V5_video1_normal,normal
O1,cierre_ocular,255,FP,P05,V5_video2_pocaluz,poca_luz
O1,cierre_ocular,431,FP,P05,V5_video2_pocaluz,poca_luz
O1,cierre_ocular,611,TP,P05,V5_video2_pocaluz,poca_luz
O1,cierre_ocular,818,TP,P05,V5_video2_pocaluz,poca_luz
O1,cierre_ocular,126,FP,P06,V6_video1_normal,normal
O1,cierre_ocular,758,TP,P06,V6_video1_normal,normal
O1,cierre_ocular,1037,TP,P06,V6_video1_normal,normal
O1,cierre_ocular,1272,TP,P06,V6_video1_normal,normal
O1,cierre_ocular,1496,FP,P06,V6_video1_normal,normal
O1,cierre_ocular,1733,FP,P06,V6_video1_normal,normal
O1,cierre_ocular,1911,FP,P06,V6_video1_normal,normal
O1,bostezo,1493,TP,P06,V6_video1_normal,normal
O1,bostezo,1749,TP,P06,V6_video1_normal,normal
O1,bostezo,1946,FP,P06,V6_video1_normal,normal
O2,cierre_ocular,762,TP,P06,V6_video1_normal,normal
O2,cierre_ocular,800,DUPLICADA_IGNORADA,P06,V6_video1_normal,normal
O2,cierre_ocular,1040,TP,P06,V6_video1_normal,normal
O2,cierre_ocular,1272,TP,P06,V6_video1_normal,normal
O2,cierre_ocular,1299,DUPLICADA_IGNORADA,P06,V6_video1_normal,normal
O2,cierre_ocular,1506,FP,P06,V6_video1_normal,normal
O2,cierre_ocular,1733,FP,P06,V6_video1_normal,normal
O2,cierre_ocular,1911,FP,P06,V6_video1_normal,normal
O2,bostezo,1500,TP,P06,V6_video1_normal,normal
O1,cierre_ocular,735,TP,P06,V6_video2_pocaluz,poca_luz
O1,cierre_ocular,1042,TP,P06,V6_video2_pocaluz,poca_luz
O1,cierre_ocular,1326,TP,P06,V6_video2_pocaluz,poca_luz
O1,cierre_ocular,1705,FP,P06,V6_video2_pocaluz,poca_luz
O1,cierre_ocular,1828,FP,P06,V6_video2_pocaluz,poca_luz
O1,cierre_ocular,1947,FP,P06,V6_video2_pocaluz,poca_luz
O1,cierre_ocular,2395,FP,P06,V6_video2_pocaluz,poca_luz
O1,bostezo,1701,TP,P06,V6_video2_pocaluz,poca_luz
O1,bostezo,1963,TP,P06,V6_video2_pocaluz,poca_luz
O1,bostezo,2435,TP,P06,V6_video2_pocaluz,poca_luz
O2,cierre_ocular,744,TP,P06,V6_video2_pocaluz,poca_luz
O2,cierre_ocular,803,DUPLICADA_IGNORADA,P06,V6_video2_pocaluz,poca_luz
O2,cierre_ocular,844,DUPLICADA_IGNORADA,P06,V6_video2_pocaluz,poca_luz
O2,cierre_ocular,1116,TP,P06,V6_video2_pocaluz,poca_luz
O2,cierre_ocular,1326,TP,P06,V6_video2_pocaluz,poca_luz
O2,cierre_ocular,1350,DUPLICADA_IGNORADA,P06,V6_video2_pocaluz,poca_luz
O2,cierre_ocular,1407,DUPLICADA_IGNORADA,P06,V6_video2_pocaluz,poca_luz
O2,cierre_ocular,1743,FP,P06,V6_video2_pocaluz,poca_luz
O2,cierre_ocular,1766,FP,P06,V6_video2_pocaluz,poca_luz
O2,cierre_ocular,1972,FP,P06,V6_video2_pocaluz,poca_luz
O2,cierre_ocular,1993,FP,P06,V6_video2_pocaluz,poca_luz
O2,cierre_ocular,2038,FP,P06,V6_video2_pocaluz,poca_luz
O2,cierre_ocular,2458,FP,P06,V6_video2_pocaluz,poca_luz
O2,bostezo,1766,TP,P06,V6_video2_pocaluz,poca_luz
O2,bostezo,2026,TP,P06,V6_video2_pocaluz,poca_luz
O2,bostezo,2478,TP,P06,V6_video2_pocaluz,poca_luz
O1,cierre_ocular,668,TP,P07,V7_video1_normal,normal
O1,cierre_ocular,838,TP,P07,V7_video1_normal,normal
O1,cierre_ocular,1017,TP,P07,V7_video1_normal,normal
O1,cierre_ocular,1144,FP,P07,V7_video1_normal,normal
O2,cierre_ocular,682,TP,P07,V7_video1_normal,normal
O2,cierre_ocular,867,TP,P07,V7_video1_normal,normal
O2,cierre_ocular,1034,TP,P07,V7_video1_normal,normal
O1,cierre_ocular,716,TP,P07,V7_video2_pocaluz,poca_luz
O1,cierre_ocular,916,TP,P07,V7_video2_pocaluz,poca_luz
O1,cierre_ocular,1080,TP,P07,V7_video2_pocaluz,poca_luz
O1,cierre_ocular,1281,FP,P07,V7_video2_pocaluz,poca_luz
O1,cierre_ocular,1418,FP,P07,V7_video2_pocaluz,poca_luz
O1,cierre_ocular,1464,FP,P07,V7_video2_pocaluz,poca_luz
O1,bostezo,1316,FP,P07,V7_video2_pocaluz,poca_luz
O1,bostezo,1497,FP,P07,V7_video2_pocaluz,poca_luz
O2,cierre_ocular,727,TP,P07,V7_video2_pocaluz,poca_luz
O2,cierre_ocular,806,DUPLICADA_IGNORADA,P07,V7_video2_pocaluz,poca_luz
O2,cierre_ocular,917,TP,P07,V7_video2_pocaluz,poca_luz
O2,cierre_ocular,1081,TP,P07,V7_video2_pocaluz,poca_luz
O2,cierre_ocular,1287,FP,P07,V7_video2_pocaluz,poca_luz
O2,cierre_ocular,1326,FP,P07,V7_video2_pocaluz,poca_luz
O2,cierre_ocular,1418,FP,P07,V7_video2_pocaluz,poca_luz
O2,cierre_ocular,1464,FP,P07,V7_video2_pocaluz,poca_luz
O2,cierre_ocular,1487,FP,P07,V7_video2_pocaluz,poca_luz
O2,bostezo,1497,FP,P07,V7_video2_pocaluz,poca_luz
O1,cierre_ocular,1096,TP,P08,V8_video1_normal,normal
O1,cierre_ocular,1137,DUPLICADA_IGNORADA,P08,V8_video1_normal,normal
O1,cierre_ocular,1258,FP,P08,V8_video1_normal,normal
O1,cierre_ocular,1303,FP,P08,V8_video1_normal,normal
O1,cierre_ocular,1483,FP,P08,V8_video1_normal,normal
O1,cierre_ocular,1528,FP,P08,V8_video1_normal,normal
O1,cierre_ocular,1583,FP,P08,V8_video1_normal,normal
O1,cierre_ocular,1660,FP,P08,V8_video1_normal,normal
O1,cierre_ocular,1689,FP,P08,V8_video1_normal,normal
O1,cierre_ocular,1757,TP,P08,V8_video1_normal,normal
O1,cierre_ocular,1907,FP,P08,V8_video1_normal,normal
O1,cierre_ocular,2039,FP,P08,V8_video1_normal,normal
O1,cierre_ocular,2123,FP,P08,V8_video1_normal,normal
O1,bostezo,90,FP,P08,V8_video1_normal,normal
O1,bostezo,1487,FP,P08,V8_video1_normal,normal
O2,cierre_ocular,1096,TP,P08,V8_video1_normal,normal
O2,cierre_ocular,1151,DUPLICADA_IGNORADA,P08,V8_video1_normal,normal
O2,cierre_ocular,1484,FP,P08,V8_video1_normal,normal
O2,cierre_ocular,1529,FP,P08,V8_video1_normal,normal
O2,cierre_ocular,1583,FP,P08,V8_video1_normal,normal
O2,cierre_ocular,1691,FP,P08,V8_video1_normal,normal
O2,cierre_ocular,1711,FP,P08,V8_video1_normal,normal
O2,cierre_ocular,1757,TP,P08,V8_video1_normal,normal
O2,cierre_ocular,1907,FP,P08,V8_video1_normal,normal
O2,cierre_ocular,2123,FP,P08,V8_video1_normal,normal
O1,cierre_ocular,1055,FP,P08,V8_video2_lentes,lentes
O1,cierre_ocular,1131,TP,P08,V8_video2_lentes,lentes
O1,cierre_ocular,1265,FP,P08,V8_video2_lentes,lentes
O1,cierre_ocular,1314,FP,P08,V8_video2_lentes,lentes
O1,cierre_ocular,1429,FP,P08,V8_video2_lentes,lentes
O1,cierre_ocular,1510,FP,P08,V8_video2_lentes,lentes
O1,cierre_ocular,1572,FP,P08,V8_video2_lentes,lentes
O1,cierre_ocular,1630,FP,P08,V8_video2_lentes,lentes
O1,cierre_ocular,1657,FP,P08,V8_video2_lentes,lentes
O1,cierre_ocular,1746,TP,P08,V8_video2_lentes,lentes
O1,cierre_ocular,1883,FP,P08,V8_video2_lentes,lentes
O1,bostezo,1346,TP,P08,V8_video2_lentes,lentes
O1,bostezo,1648,TP,P08,V8_video2_lentes,lentes
O2,cierre_ocular,1140,TP,P08,V8_video2_lentes,lentes
O2,cierre_ocular,1265,FP,P08,V8_video2_lentes,lentes
O2,cierre_ocular,1329,FP,P08,V8_video2_lentes,lentes
O2,cierre_ocular,1429,FP,P08,V8_video2_lentes,lentes
O2,cierre_ocular,1510,FP,P08,V8_video2_lentes,lentes
O2,cierre_ocular,1574,FP,P08,V8_video2_lentes,lentes
O2,cierre_ocular,1746,TP,P08,V8_video2_lentes,lentes
O2,cierre_ocular,1883,FP,P08,V8_video2_lentes,lentes
O2,bostezo,1652,TP,P08,V8_video2_lentes,lentes
O1,cierre_ocular,734,TP,P09,V9_video1_normal,normal
O1,cierre_ocular,876,TP,P09,V9_video1_normal,normal
O1,cierre_ocular,1090,TP,P09,V9_video1_normal,normal
O1,cierre_ocular,1462,FP,P09,V9_video1_normal,normal
O1,cierre_ocular,1771,FP,P09,V9_video1_normal,normal
O1,bostezo,1395,TP,P09,V9_video1_normal,normal
O2,cierre_ocular,1462,FP,P09,V9_video1_normal,normal
O2,bostezo,1396,TP,P09,V9_video1_normal,normal
O1,cierre_ocular,632,TP,P09,V9_video2_pocaluz,poca_luz
O1,cierre_ocular,801,TP,P09,V9_video2_pocaluz,poca_luz
O1,cierre_ocular,986,TP,P09,V9_video2_pocaluz,poca_luz
O1,cierre_ocular,1281,FP,P09,V9_video2_pocaluz,poca_luz
O1,cierre_ocular,1482,FP,P09,V9_video2_pocaluz,poca_luz
O1,bostezo,1236,TP,P09,V9_video2_pocaluz,poca_luz
O1,bostezo,1412,TP,P09,V9_video2_pocaluz,poca_luz
O2,cierre_ocular,681,TP,P09,V9_video2_pocaluz,poca_luz
O2,cierre_ocular,801,TP,P09,V9_video2_pocaluz,poca_luz
O2,cierre_ocular,835,DUPLICADA_IGNORADA,P09,V9_video2_pocaluz,poca_luz
O2,cierre_ocular,901,DUPLICADA_IGNORADA,P09,V9_video2_pocaluz,poca_luz
O2,cierre_ocular,986,TP,P09,V9_video2_pocaluz,poca_luz
O2,cierre_ocular,1287,FP,P09,V9_video2_pocaluz,poca_luz
O2,cierre_ocular,1487,FP,P09,V9_video2_pocaluz,poca_luz
O2,bostezo,1236,TP,P09,V9_video2_pocaluz,poca_luz
O2,bostezo,1412,TP,P09,V9_video2_pocaluz,poca_luz
