participante,O1,O2,diferencia_O2_O1
P01,0.9090909090909091,0.9523809523809523,0.04329004329004327
P02,0.64,0.6666666666666666,0.026666666666666616
P03,0.7368421052631579,0.7636363636363637,0.026794258373205815
P04,0.5555555555555556,0.15384615384615385,-0.4017094017094017
P05,0.6153846153846154,0.6666666666666666,0.05128205128205121
P06,0.7096774193548387,0.6666666666666666,-0.043010752688172116
P07,0.6666666666666666,0.6666666666666666,0.0
P08,0.35294117647058826,0.4,0.047058823529411764
P09,0.782608695652174,0.631578947368421,-0.15102974828375293
