participante,video,condicion,enfoque,TP,FP,FN,F1
P01,V1_video1_normal,normal,O1,5,0,0,1.0
P01,V1_video1_normal,normal,O2,5,0,0,1.0
P01,V1_video2_pocaluz,poca_luz,O1,5,2,0,0.8333333333333334
P01,V1_video2_pocaluz,poca_luz,O2,5,1,0,0.9090909090909091
P02,V2_video1_normal,normal,O1,4,3,0,0.7272727272727273
P02,V2_video1_normal,normal,O2,4,2,0,0.8
P02,V2_video2_lentes,lentes,O1,4,6,0,0.5714285714285714
P02,V2_video2_lentes,lentes,O2,4,6,0,0.5714285714285714
P03,V3_video1_normal,normal,O1,12,7,0,0.7741935483870968
P03,V3_video1_normal,normal,O2,12,7,0,0.7741935483870968
P03,V3_video2_lentes,lentes,O1,9,8,0,0.6923076923076923
P03,V3_video2_lentes,lentes,O2,9,6,0,0.75
P04,V4_video1_normal,normal,O1,3,4,0,0.6
P04,V4_video1_normal,normal,O2,0,4,3,0.0
P04,V4_video2_pocaluz,poca_luz,O1,2,4,0,0.5
P04,V4_video2_pocaluz,poca_luz,O2,1,3,1,0.3333333333333333
P05,V5_video1_normal,normal,O1,2,2,1,0.5714285714285714
P05,V5_video1_normal,normal,O2,3,1,0,0.8571428571428571
P05,V5_video2_pocaluz,poca_luz,O1,2,2,0,0.6666666666666666
P05,V5_video2_pocaluz,poca_luz,O2,0,0,2,0.0
P06,V6_video1_normal,normal,O1,5,5,0,0.6666666666666666
P06,V6_video1_normal,normal,O2,4,3,1,0.6666666666666666
P06,V6_video2_pocaluz,poca_luz,O1,6,4,0,0.75
P06,V6_video2_pocaluz,poca_luz,O2,6,6,0,0.6666666666666666
P07,V7_video1_normal,normal,O1,3,1,0,0.8571428571428571
P07,V7_video1_normal,normal,O2,3,0,0,1.0
P07,V7_video2_pocaluz,poca_luz,O1,3,5,0,0.5454545454545454
P07,V7_video2_pocaluz,poca_luz,O2,3,6,0,0.5
P08,V8_video1_normal,normal,O1,2,12,1,0.23529411764705882
P08,V8_video1_normal,normal,O2,2,7,1,0.3333333333333333
P08,V8_video2_lentes,lentes,O1,4,9,0,0.47058823529411764
P08,V8_video2_lentes,lentes,O2,3,6,1,0.46153846153846156
P09,V9_video1_normal,normal,O1,4,2,1,0.7272727272727273
P09,V9_video1_normal,normal,O2,1,1,4,0.2857142857142857
P09,V9_video2_pocaluz,poca_luz,O1,5,2,0,0.8333333333333334
P09,V9_video2_pocaluz,poca_luz,O2,5,2,0,0.8333333333333334
