participante,video,condicion,fps_video,frames_procesados,rostros_detectados,fallos_rostro,tasa_fallo_rostro_pct,tiempo_procesamiento_s,fps_procesamiento,latencia_media_ms,alertas_o1,alertas_o2,frames_esperados,frames_ok
P01,V1_video1_normal,normal,29.98718496369073,2340,2340,0,0.0,126.67602350004016,18.47231966512793,54.13505277779494,5,9,2340,True
P01,V1_video2_pocaluz,poca_luz,23.99285250162443,1477,1477,0,0.0,73.6196348000085,20.062582543534017,49.84403168585545,7,7,1477,True
P02,V2_video1_normal,normal,29.993572805827323,2100,2100,0,0.0,116.53841889998876,18.019808573189785,55.49448519047084,7,6,2100,True
P02,V2_video2_lentes,lentes,29.98251526746573,1972,1972,0,0.0,103.18135910003912,19.111979307115487,52.32320441178455,10,15,1972,True
P03,V3_video1_normal,normal,30.008167729281077,3734,3734,0,0.0,201.36709250003327,18.54324832146733,53.9279840653544,21,30,3734,True
P03,V3_video2_lentes,lentes,30.006157419690727,3663,3663,0,0.0,179.7161511000013,20.382141380057487,49.06255831285867,17,28,3663,True
P04,V4_video1_normal,normal,29.300627338797653,1032,1032,0,0.0,43.39897750003729,23.779362082876567,42.05327277135396,7,4,1032,True
P04,V4_video2_pocaluz,poca_luz,23.67339791090371,730,730,0,0.0,34.17311630002223,21.361821192746334,46.81248808222224,6,4,730,True
P05,V5_video1_normal,normal,29.95839797119088,1699,1699,0,0.0,87.55919290002203,19.404016228655443,51.53572271925958,4,6,1699,True
P05,V5_video2_pocaluz,poca_luz,29.963064561418665,1156,1156,0,0.0,53.40199829998892,21.64713001011874,46.195500259505984,4,0,1156,True
P06,V6_video1_normal,normal,30.00151522804182,1980,1980,0,0.0,99.30237459996717,19.939100227726627,50.15271444442786,10,9,1980,True
P06,V6_video2_pocaluz,poca_luz,30.001777356478463,2532,2532,0,0.0,120.7248090999783,20.973319559388354,47.67962444706884,10,16,2532,True
P07,V7_video1_normal,normal,30.00236985543882,1266,1266,0,0.0,52.86845299997367,23.946227441166677,41.76023143757794,4,3,1266,True
P07,V7_video2_pocaluz,poca_luz,30.001954524724734,1535,1535,0,0.0,87.5293757999898,17.536969571307957,57.022394657973805,8,10,1535,True
P08,V8_video1_normal,normal,30.001954949279927,2302,2302,0,0.0,115.57452049996937,19.917884928630183,50.20613401388765,15,10,2302,True
P08,V8_video2_lentes,lentes,30.001573234044784,1907,1907,0,0.0,93.36136999999871,20.426007030531217,48.957194546407294,13,9,1907,True
P09,V9_video1_normal,normal,30.000747732460965,1859,1859,0,0.0,88.25882139999885,21.06305036155881,47.47650424959593,6,2,1859,True
P09,V9_video2_pocaluz,poca_luz,24.00060432446884,1578,1578,0,0.0,85.15304260002449,18.53134018254735,53.9626378960865,7,9,1578,True
