etiqueta,frame_inicio,frame_fin,duracion_seg,video,etiquetador,valido
cierre_ocular,792,915,4.1,V1_video1_normal,A,True
cierre_ocular,1129,1290,5.37,V1_video1_normal,A,True
cierre_ocular,1506,1687,6.04,V1_video1_normal,A,True
bostezo,1786,1973,6.24,V1_video1_normal,A,True
bostezo,2108,2267,5.3,V1_video1_normal,A,True
cierre_ocular,775,906,4.37,V1_video1_normal,B,True
cierre_ocular,1149,1283,4.47,V1_video1_normal,B,True
cierre_ocular,1500,1679,5.97,V1_video1_normal,B,True
bostezo,1801,1955,5.14,V1_video1_normal,B,True
bostezo,2114,2267,5.1,V1_video1_normal,B,True
cierre_ocular,570,662,3.83,V1_video2_pocaluz,A,True
cierre_ocular,769,852,3.46,V1_video2_pocaluz,A,True
cierre_ocular,927,1038,4.63,V1_video2_pocaluz,A,True
bostezo,1117,1235,4.92,V1_video2_pocaluz,A,True
bostezo,1343,1463,5.0,V1_video2_pocaluz,A,True
cierre_ocular,574,666,3.83,V1_video2_pocaluz,B,True
cierre_ocular,775,850,3.13,V1_video2_pocaluz,B,True
cierre_ocular,913,1043,5.42,V1_video2_pocaluz,B,True
bostezo,1127,1219,3.83,V1_video2_pocaluz,B,True
bostezo,1352,1462,4.58,V1_video2_pocaluz,B,True
bostezo,586,758,5.73,V2_video1_normal,A,True
cierre_ocular,790,1030,8.0,V2_video1_normal,A,True
cierre_ocular,1436,1540,3.47,V2_video1_normal,A,True
cierre_ocular,1602,2008,13.54,V2_video1_normal,A,True
bostezo,571,750,5.97,V2_video1_normal,B,True
cierre_ocular,788,1038,8.34,V2_video1_normal,B,True
cierre_ocular,1417,1542,4.17,V2_video1_normal,B,True
cierre_ocular,1614,2034,14.0,V2_video1_normal,B,True
cierre_ocular,500,585,2.83,V2_video2_lentes,A,True
cierre_ocular,599,987,12.94,V2_video2_lentes,A,True
bostezo,1022,1209,6.24,V2_video2_lentes,A,True
cierre_ocular,1510,1754,8.14,V2_video2_lentes,A,True
cierre_ocular,628,990,12.07,V2_video2_lentes,B,True
bostezo,1014,1196,6.07,V2_video2_lentes,B,True
cierre_ocular,1522,1755,7.77,V2_video2_lentes,B,True
cierre_ocular,497,584,2.9,V2_video2_lentes,B,True
cierre_ocular,311,435,4.13,V3_video1_normal,A,True
bostezo,350,447,3.23,V3_video1_normal,A,True
cierre_ocular,779,914,4.5,V3_video1_normal,A,True
bostezo,765,886,4.03,V3_video1_normal,A,True
cierre_ocular,1096,1243,4.9,V3_video1_normal,A,True
cierre_ocular,1560,1807,8.23,V3_video1_normal,A,True
bostezo,1683,1806,4.1,V3_video1_normal,A,True
cierre_ocular,2035,2180,4.83,V3_video1_normal,A,True
bostezo,2268,2376,3.6,V3_video1_normal,A,True
bostezo,2412,2460,1.6,V3_video1_normal,A,False
cierre_ocular,2611,2805,6.46,V3_video1_normal,A,True
bostezo,2976,3096,4.0,V3_video1_normal,A,True
cierre_ocular,3312,3384,2.4,V3_video1_normal,A,True
cierre_ocular,307,443,4.53,V3_video1_normal,B,True
cierre_ocular,777,907,4.33,V3_video1_normal,B,True
cierre_ocular,1102,1242,4.67,V3_video1_normal,B,True
cierre_ocular,1596,1814,7.26,V3_video1_normal,B,True
cierre_ocular,2056,2200,4.8,V3_video1_normal,B,True
cierre_ocular,2634,2703,2.3,V3_video1_normal,B,True
cierre_ocular,3324,3404,2.67,V3_video1_normal,B,True
bostezo,341,456,3.83,V3_video1_normal,B,True
bostezo,776,892,3.87,V3_video1_normal,B,True
bostezo,1690,1820,4.33,V3_video1_normal,B,True
bostezo,2259,2364,3.5,V3_video1_normal,B,True
bostezo,2959,3093,4.47,V3_video1_normal,B,True
cierre_ocular,263,482,7.3,V3_video2_lentes,A,True
cierre_ocular,851,936,2.83,V3_video2_lentes,A,True
cierre_ocular,1578,1789,7.03,V3_video2_lentes,A,True
cierre_ocular,2216,2422,6.87,V3_video2_lentes,A,True
cierre_ocular,2716,2921,6.83,V3_video2_lentes,A,True
cierre_ocular,3364,3565,6.7,V3_video2_lentes,A,True
bostezo,889,1032,4.77,V3_video2_lentes,A,True
bostezo,1318,1493,5.83,V3_video2_lentes,A,True
bostezo,2770,2932,5.4,V3_video2_lentes,A,True
cierre_ocular,241,491,8.33,V3_video2_lentes,B,True
bostezo,886,1050,5.47,V3_video2_lentes,B,True
bostezo,1342,1490,4.93,V3_video2_lentes,B,True
cierre_ocular,1642,1790,4.93,V3_video2_lentes,B,True
cierre_ocular,2253,2436,6.1,V3_video2_lentes,B,True
cierre_ocular,2707,2941,7.8,V3_video2_lentes,B,True
cierre_ocular,3371,3563,6.4,V3_video2_lentes,B,True
bostezo,2750,2925,5.83,V3_video2_lentes,B,True
cierre_ocular,804,923,3.97,V3_video2_lentes,B,True
cierre_ocular,239,275,1.23,V4_video1_normal,A,True
bostezo,421,526,3.58,V4_video1_normal,A,True
cierre_ocular,546,617,2.42,V4_video1_normal,A,True
bostezo,717,804,2.97,V4_video1_normal,A,False
bostezo,940,1027,2.97,V4_video1_normal,A,False
bostezo,420,539,4.06,V4_video1_normal,B,True
cierre_ocular,552,614,2.12,V4_video1_normal,B,True
bostezo,724,810,2.94,V4_video1_normal,B,False
bostezo,958,1031,2.49,V4_video1_normal,B,False
bostezo,415,490,3.17,V4_video2_pocaluz,A,True
cierre_ocular,636,724,3.72,V4_video2_pocaluz,A,True
bostezo,653,720,2.83,V4_video2_pocaluz,A,False
bostezo,410,492,3.46,V4_video2_pocaluz,B,True
bostezo,650,713,2.66,V4_video2_pocaluz,B,False
cierre_ocular,623,712,3.76,V4_video2_pocaluz,B,True
cierre_ocular,810,881,2.37,V5_video1_normal,A,True
cierre_ocular,1030,1118,2.94,V5_video1_normal,A,True
cierre_ocular,1233,1364,4.37,V5_video1_normal,A,True
bostezo,1460,1511,1.7,V5_video1_normal,A,False
cierre_ocular,773,880,3.57,V5_video1_normal,B,True
cierre_ocular,1017,1112,3.17,V5_video1_normal,B,True
cierre_ocular,1223,1353,4.34,V5_video1_normal,B,True
bostezo,1455,1495,1.34,V5_video1_normal,B,False
cierre_ocular,606,719,3.77,V5_video2_pocaluz,A,True
cierre_ocular,832,904,2.4,V5_video2_pocaluz,A,True
bostezo,943,999,1.87,V5_video2_pocaluz,A,False
bostezo,1052,1119,2.24,V5_video2_pocaluz,A,False
cierre_ocular,594,711,3.9,V5_video2_pocaluz,B,True
cierre_ocular,801,897,3.2,V5_video2_pocaluz,B,True
bostezo,946,984,1.27,V5_video2_pocaluz,B,False
cierre_ocular,751,850,3.3,V6_video1_normal,A,True
cierre_ocular,1003,1123,4.0,V6_video1_normal,A,True
cierre_ocular,1247,1341,3.13,V6_video1_normal,A,True
bostezo,1411,1523,3.73,V6_video1_normal,A,True
bostezo,1669,1770,3.37,V6_video1_normal,A,True
bostezo,1860,1944,2.8,V6_video1_normal,A,False
cierre_ocular,730,850,4.0,V6_video1_normal,B,True
cierre_ocular,1019,1124,3.5,V6_video1_normal,B,True
cierre_ocular,1242,1340,3.27,V6_video1_normal,B,True
bostezo,1408,1503,3.17,V6_video1_normal,B,True
bostezo,1712,1766,1.8,V6_video1_normal,B,False
bostezo,1890,1941,1.7,V6_video1_normal,B,False
cierre_ocular,717,882,5.5,V6_video2_pocaluz,A,True
cierre_ocular,1011,1200,6.3,V6_video2_pocaluz,A,True
cierre_ocular,1335,1460,4.17,V6_video2_pocaluz,A,True
bostezo,1667,1782,3.83,V6_video2_pocaluz,A,True
bostezo,1993,2062,2.3,V6_video2_pocaluz,A,False
bostezo,2405,2501,3.2,V6_video2_pocaluz,A,True
cierre_ocular,672,882,7.0,V6_video2_pocaluz,B,True
cierre_ocular,969,1194,7.5,V6_video2_pocaluz,B,True
cierre_ocular,1295,1460,5.5,V6_video2_pocaluz,B,True
bostezo,1670,1778,3.6,V6_video2_pocaluz,B,True
bostezo,1972,2068,3.2,V6_video2_pocaluz,B,True
bostezo,2420,2511,3.03,V6_video2_pocaluz,B,True
cierre_ocular,651,714,2.1,V7_video1_normal,A,True
cierre_ocular,822,925,3.43,V7_video1_normal,A,True
cierre_ocular,997,1087,3.0,V7_video1_normal,A,True
bostezo,1161,1225,2.13,V7_video1_normal,A,False
cierre_ocular,651,713,2.07,V7_video1_normal,B,True
cierre_ocular,823,924,3.37,V7_video1_normal,B,True
cierre_ocular,996,1086,3.0,V7_video1_normal,B,True
bostezo,1144,1211,2.23,V7_video1_normal,B,False
cierre_ocular,700,812,3.73,V7_video2_pocaluz,A,True
cierre_ocular,900,1006,3.53,V7_video2_pocaluz,A,True
cierre_ocular,1064,1147,2.77,V7_video2_pocaluz,A,True
bostezo,1235,1300,2.17,V7_video2_pocaluz,A,False
bostezo,1410,1494,2.8,V7_video2_pocaluz,A,False
cierre_ocular,701,816,3.83,V7_video2_pocaluz,B,True
cierre_ocular,900,1001,3.37,V7_video2_pocaluz,B,True
cierre_ocular,1064,1153,2.97,V7_video2_pocaluz,B,True
bostezo,1249,1296,1.57,V7_video2_pocaluz,B,False
bostezo,1421,1488,2.23,V7_video2_pocaluz,B,False
cierre_ocular,1043,1223,6.0,V8_video1_normal,A,True
bostezo,1223,1314,3.03,V8_video1_normal,A,True
cierre_ocular,1699,1862,5.43,V8_video1_normal,A,True
cierre_ocular,2109,2258,4.97,V8_video1_normal,A,True
cierre_ocular,1113,1233,4.0,V8_video1_normal,B,True
bostezo,1244,1316,2.4,V8_video1_normal,B,False
cierre_ocular,1734,1868,4.47,V8_video1_normal,B,True
cierre_ocular,2142,2255,3.77,V8_video1_normal,B,True
cierre_ocular,1091,1221,4.33,V8_video2_lentes,A,True
bostezo,1267,1368,3.37,V8_video2_lentes,A,True
bostezo,1566,1682,3.87,V8_video2_lentes,A,True
cierre_ocular,1731,1793,2.07,V8_video2_lentes,A,True
cierre_ocular,1084,1224,4.67,V8_video2_lentes,B,True
bostezo,1256,1385,4.3,V8_video2_lentes,B,True
bostezo,1582,1662,2.67,V8_video2_lentes,B,False
cierre_ocular,1728,1785,1.9,V8_video2_lentes,B,True
cierre_ocular,717,771,1.8,V9_video1_normal,A,True
cierre_ocular,859,982,4.1,V9_video1_normal,A,True
cierre_ocular,1072,1188,3.87,V9_video1_normal,A,True
bostezo,1337,1434,3.23,V9_video1_normal,A,True
bostezo,1545,1659,3.8,V9_video1_normal,A,True
cierre_ocular,716,768,1.73,V9_video1_normal,B,True
cierre_ocular,858,959,3.37,V9_video1_normal,B,True
cierre_ocular,1074,1187,3.77,V9_video1_normal,B,True
bostezo,1341,1429,2.93,V9_video1_normal,B,False
bostezo,1559,1661,3.4,V9_video1_normal,B,True
cierre_ocular,612,710,4.08,V9_video2_pocaluz,A,True
cierre_ocular,785,911,5.25,V9_video2_pocaluz,A,True
cierre_ocular,973,1099,5.25,V9_video2_pocaluz,A,True
bostezo,1167,1243,3.17,V9_video2_pocaluz,A,True
bostezo,1351,1461,4.58,V9_video2_pocaluz,A,True
cierre_ocular,613,709,4.0,V9_video2_pocaluz,B,True
cierre_ocular,785,910,5.21,V9_video2_pocaluz,B,True
cierre_ocular,969,1097,5.33,V9_video2_pocaluz,B,True
bostezo,1171,1244,3.04,V9_video2_pocaluz,B,True
bostezo,1350,1466,4.83,V9_video2_pocaluz,B,True
