video,etiqueta,frame_inicio_final,frame_fin_final,origen_gt,fps,duracion_frames,duracion_seg
V1_video1_normal,cierre_ocular,784,911,consenso_AB,29.98718496369073,128,4.268490028490029
V1_video1_normal,cierre_ocular,1139,1287,consenso_AB,29.98718496369073,149,4.968789173789174
V1_video1_normal,cierre_ocular,1503,1683,consenso_AB,29.98718496369073,181,6.035911680911681
V1_video1_normal,bostezo,1794,1964,consenso_AB,29.98718496369073,171,5.7024358974358975
V1_video1_normal,bostezo,2111,2267,consenso_AB,29.98718496369073,157,5.235569800569801
V1_video2_pocaluz,cierre_ocular,572,664,consenso_AB,23.99285250162443,93,3.8761543669600544
V1_video2_pocaluz,cierre_ocular,772,851,consenso_AB,23.99285250162443,80,3.3343263371699394
V1_video2_pocaluz,cierre_ocular,920,1041,consenso_AB,23.99285250162443,122,5.084847664184157
V1_video2_pocaluz,bostezo,1122,1227,consenso_AB,23.99285250162443,106,4.41798239675017
V1_video2_pocaluz,bostezo,1348,1463,consenso_AB,23.99285250162443,116,4.834773188896412
V2_video1_normal,bostezo,579,754,consenso_AB,29.993572805827323,176,5.867923809523809
V2_video1_normal,cierre_ocular,789,1034,consenso_AB,29.993572805827323,246,8.201757142857142
V2_video1_normal,cierre_ocular,1427,1541,consenso_AB,29.993572805827323,115,3.834154761904762
V2_video1_normal,cierre_ocular,1608,2021,consenso_AB,29.993572805827323,414,13.802957142857142
V2_video2_lentes,cierre_ocular,499,585,consenso_AB,29.98251526746573,87,2.901691176470588
V2_video2_lentes,cierre_ocular,614,989,consenso_AB,29.98251526746573,376,12.540642325895876
V2_video2_lentes,bostezo,1018,1203,consenso_AB,29.98251526746573,186,6.203615618661257
V2_video2_lentes,cierre_ocular,1516,1755,consenso_AB,29.98251526746573,240,8.004665314401622
V3_video1_normal,cierre_ocular,309,439,consenso_AB,30.008167729281073,131,4.365478131881211
V3_video1_normal,bostezo,346,452,consenso_AB,30.008167729281073,107,3.565695878712135
V3_video1_normal,bostezo,771,889,consenso_AB,30.008167729281073,119,3.965587005296673
V3_video1_normal,cierre_ocular,778,911,consenso_AB,30.008167729281073,134,4.465450913527346
V3_video1_normal,cierre_ocular,1099,1243,consenso_AB,30.008167729281073,145,4.832017779563174
V3_video1_normal,cierre_ocular,1578,1811,consenso_AB,30.008167729281073,234,7.7978769683985005
V3_video1_normal,bostezo,1687,1813,consenso_AB,30.008167729281073,127,4.232181089686366
V3_video1_normal,cierre_ocular,2046,2190,consenso_AB,30.008167729281073,145,4.832017779563174
V3_video1_normal,bostezo,2264,2370,consenso_AB,30.008167729281073,107,3.565695878712135
V3_video1_normal,cierre_ocular,2620,2682,adjudicacion_manual,30.008167729281073,63,2.099428414568827
V3_video1_normal,bostezo,2968,3095,consenso_AB,30.008167729281073,128,4.265505350235077
V3_video1_normal,cierre_ocular,3318,3394,consenso_AB,30.008167729281073,77,2.5659680622507883
V3_video2_lentes,cierre_ocular,252,487,consenso_AB,30.006157419690727,236,7.865052385719053
V3_video2_lentes,cierre_ocular,828,930,consenso_AB,30.006157419690727,103,3.432628795462129
V3_video2_lentes,bostezo,888,1041,consenso_AB,30.006157419690727,154,5.13227994661328
V3_video2_lentes,bostezo,1330,1492,consenso_AB,30.006157419690727,163,5.432218385051718
V3_video2_lentes,cierre_ocular,1610,1790,consenso_AB,30.006157419690727,181,6.032095261928595
V3_video2_lentes,cierre_ocular,2235,2429,consenso_AB,30.006157419690727,195,6.498666166166166
V3_video2_lentes,cierre_ocular,2712,2931,consenso_AB,30.006157419690727,220,7.331828495161829
V3_video2_lentes,bostezo,2760,2929,consenso_AB,30.006157419690727,170,5.665503837170504
V3_video2_lentes,cierre_ocular,3368,3564,consenso_AB,30.006157419690727,197,6.565319152485819
V4_video1_normal,cierre_ocular,242,261,adjudicacion_manual,29.300627338797653,20,0.6825792420327303
V4_video1_normal,bostezo,421,533,consenso_AB,29.300627338797653,113,3.8565727174849265
V4_video1_normal,cierre_ocular,549,616,consenso_AB,29.300627338797653,68,2.320769422911283
V4_video2_pocaluz,bostezo,413,491,consenso_AB,23.67339791090371,79,3.3370790410958904
V4_video2_pocaluz,cierre_ocular,630,718,consenso_AB,23.67339791090371,89,3.7594941095890406
V5_video1_normal,cierre_ocular,792,881,consenso_AB,29.95839797119088,90,3.0041659799882283
V5_video1_normal,cierre_ocular,1024,1115,consenso_AB,29.95839797119088,92,3.0709252239879667
V5_video1_normal,cierre_ocular,1228,1359,consenso_AB,29.95839797119088,132,4.406110103982734
V5_video2_pocaluz,cierre_ocular,600,715,consenso_AB,29.963064561418665,116,3.871433102652826
V5_video2_pocaluz,cierre_ocular,817,901,consenso_AB,29.963064561418665,85,2.836825980392157
V6_video1_normal,cierre_ocular,741,850,consenso_AB,30.00151522804182,110,3.6664814814814815
V6_video1_normal,cierre_ocular,1011,1124,consenso_AB,30.00151522804182,114,3.7998080808080807
V6_video1_normal,cierre_ocular,1245,1341,consenso_AB,30.00151522804182,97,3.2331700336700337
V6_video1_normal,bostezo,1410,1513,consenso_AB,30.00151522804182,104,3.4664915824915825
V6_video1_normal,bostezo,1665,1761,adjudicacion_manual,30.00151522804182,97,3.2331700336700337
V6_video2_pocaluz,cierre_ocular,695,882,consenso_AB,30.001777356478463,188,6.26629541864139
V6_video2_pocaluz,cierre_ocular,990,1197,consenso_AB,30.001777356478463,208,6.932922590837283
V6_video2_pocaluz,cierre_ocular,1315,1460,consenso_AB,30.001777356478463,146,4.866378357030016
V6_video2_pocaluz,bostezo,1669,1780,consenso_AB,30.001777356478463,112,3.7331121642969984
V6_video2_pocaluz,bostezo,1912,2069,adjudicacion_manual,30.001777356478463,158,5.2663546603475515
V6_video2_pocaluz,bostezo,2413,2506,consenso_AB,30.001777356478463,94,3.133147709320695
V7_video1_normal,cierre_ocular,651,714,consenso_AB,30.00236985543882,64,2.133164823591364
V7_video1_normal,cierre_ocular,823,925,consenso_AB,30.00236985543882,103,3.4330621379673514
V7_video1_normal,cierre_ocular,997,1087,consenso_AB,30.00236985543882,91,3.0330937335439705
V7_video2_pocaluz,cierre_ocular,701,814,consenso_AB,30.001954524724738,114,3.7997524429967426
V7_video2_pocaluz,cierre_ocular,900,1004,consenso_AB,30.001954524724738,105,3.499771986970684
V7_video2_pocaluz,cierre_ocular,1064,1150,consenso_AB,30.001954524724738,87,2.8998110749185666
V8_video1_normal,cierre_ocular,1078,1228,consenso_AB,30.001954949279927,151,5.033005357660006
V8_video1_normal,cierre_ocular,1717,1865,consenso_AB,30.001954949279927,149,4.966343035041993
V8_video1_normal,cierre_ocular,2126,2257,consenso_AB,30.001954949279927,132,4.39971329278888
V8_video2_lentes,cierre_ocular,1088,1223,consenso_AB,30.001573234044784,136,4.5330956126551305
V8_video2_lentes,bostezo,1262,1377,consenso_AB,30.001573234044784,116,3.8664639049117286
V8_video2_lentes,bostezo,1558,1669,adjudicacion_manual,30.001573234044784,112,3.7331375633630484
V8_video2_lentes,cierre_ocular,1730,1789,consenso_AB,30.001573234044784,60,1.9998951232302045
V9_video1_normal,cierre_ocular,717,770,consenso_AB,30.000747732460965,54,1.7999551371705218
V9_video1_normal,cierre_ocular,859,971,consenso_AB,30.000747732460965,113,3.766572787042018
V9_video1_normal,cierre_ocular,1073,1188,consenso_AB,30.000747732460965,116,3.8665702946626026
V9_video1_normal,bostezo,1325,1428,adjudicacion_manual,30.000747732460965,104,3.4665802641802643
V9_video1_normal,bostezo,1552,1660,consenso_AB,30.000747732460965,109,3.6332427768812385
V9_video2_pocaluz,cierre_ocular,613,710,consenso_AB,24.00060432446884,98,4.083230516828616
V9_video2_pocaluz,cierre_ocular,785,911,consenso_AB,24.00060432446884,127,5.291533424869736
V9_video2_pocaluz,cierre_ocular,971,1098,consenso_AB,24.00060432446884,128,5.3331990423883955
V9_video2_pocaluz,bostezo,1169,1244,consenso_AB,24.00060432446884,76,3.16658693141811
V9_video2_pocaluz,bostezo,1351,1464,consenso_AB,24.00060432446884,114,4.749880397127165
