video,kappa_cierre,kappa_bostezo,n_eventos_A,n_eventos_B
V1_video1_normal,0.9089921217060581,0.930984726797528,5,5
V1_video2_pocaluz,0.9257845418797995,0.9046871302888855,5,5
V2_video1_normal,0.9294997547817557,0.9288680745780684,4,4
V2_video2_lentes,0.9458442155291269,0.9375199908268508,4,4
V3_video1_normal,0.8163759418894131,0.8577160720987639,13,12
V3_video2_lentes,0.843422837983852,0.9111140661565654,9,9
V4_video1_normal,0.710130060450632,0.8803214904433274,5,4
V4_video2_pocaluz,0.840819886611426,0.9270403423989089,3,3
V5_video1_normal,0.84779168035357,0.7679308976668856,4,4
V5_video2_pocaluz,0.8255330443245156,0.44717906513784933,4,3
V6_video1_normal,0.9182070136171427,0.7666964101860114,6,6
V6_video2_pocaluz,0.844521147517369,0.8853000251838111,6,6
V7_video1_normal,0.9878124386289859,0.7540021812984994,4,4
V7_video2_pocaluz,0.9673471992512191,0.8566618553785488,5,5
V8_video1_normal,0.7775818035238441,0.8554959361131884,4,4
V8_video2_lentes,0.9404274372656154,0.8322576388965244,4,4
V9_video1_normal,0.9353273024968382,0.9307483352033891,5,5
V9_video2_pocaluz,0.9835620814418886,0.9670154262455202,5,5
