video,etiqueta,A_inicio,A_fin,B_inicio,B_fin,dif_inicio_frames,dif_fin_frames,iou,estado,requiere_revision
V1_video1_normal,cierre_ocular,792.0,915.0,775.0,906.0,17.0,9.0,0.8156028368794326,EMPAREJADO,False
V1_video1_normal,cierre_ocular,1129.0,1290.0,1149.0,1283.0,20.0,7.0,0.8333333333333334,EMPAREJADO,False
V1_video1_normal,cierre_ocular,1506.0,1687.0,1500.0,1679.0,6.0,8.0,0.925531914893617,EMPAREJADO,False
V1_video1_normal,bostezo,1786.0,1973.0,1801.0,1955.0,15.0,18.0,0.824468085106383,EMPAREJADO,False
V1_video1_normal,bostezo,2108.0,2267.0,2114.0,2267.0,6.0,0.0,0.9625,EMPAREJADO,False
V1_video2_pocaluz,cierre_ocular,570.0,662.0,574.0,666.0,4.0,4.0,0.9175257731958762,EMPAREJADO,False
V1_video2_pocaluz,cierre_ocular,769.0,852.0,775.0,850.0,6.0,2.0,0.9047619047619048,EMPAREJADO,False
V1_video2_pocaluz,cierre_ocular,927.0,1038.0,913.0,1043.0,14.0,5.0,0.8549618320610687,EMPAREJADO,False
V1_video2_pocaluz,bostezo,1117.0,1235.0,1127.0,1219.0,10.0,16.0,0.7815126050420168,EMPAREJADO,False
V1_video2_pocaluz,bostezo,1343.0,1463.0,1352.0,1462.0,9.0,1.0,0.9173553719008265,EMPAREJADO,False
V2_video1_normal,cierre_ocular,790.0,1030.0,788.0,1038.0,2.0,8.0,0.9601593625498008,EMPAREJADO,False
V2_video1_normal,cierre_ocular,1436.0,1540.0,1417.0,1542.0,19.0,2.0,0.8333333333333334,EMPAREJADO,False
V2_video1_normal,cierre_ocular,1602.0,2008.0,1614.0,2034.0,12.0,26.0,0.9122401847575058,EMPAREJADO,False
V2_video1_normal,bostezo,586.0,758.0,571.0,750.0,15.0,8.0,0.8776595744680851,EMPAREJADO,False
V2_video2_lentes,cierre_ocular,500.0,585.0,497.0,584.0,3.0,1.0,0.9550561797752809,EMPAREJADO,False
V2_video2_lentes,cierre_ocular,599.0,987.0,628.0,990.0,29.0,3.0,0.9183673469387755,EMPAREJADO,False
V2_video2_lentes,cierre_ocular,1510.0,1754.0,1522.0,1755.0,12.0,1.0,0.9471544715447154,EMPAREJADO,False
V2_video2_lentes,bostezo,1022.0,1209.0,1014.0,1196.0,8.0,13.0,0.8928571428571429,EMPAREJADO,False
V3_video1_normal,cierre_ocular,311.0,435.0,307.0,443.0,4.0,8.0,0.9124087591240876,EMPAREJADO,False
V3_video1_normal,cierre_ocular,779.0,914.0,777.0,907.0,2.0,7.0,0.9347826086956522,EMPAREJADO,False
V3_video1_normal,cierre_ocular,1096.0,1243.0,1102.0,1242.0,6.0,1.0,0.9527027027027027,EMPAREJADO,False
V3_video1_normal,cierre_ocular,1560.0,1807.0,1596.0,1814.0,36.0,7.0,0.8313725490196079,EMPAREJADO,False
V3_video1_normal,cierre_ocular,2035.0,2180.0,2056.0,2200.0,21.0,20.0,0.7530120481927711,EMPAREJADO,False
V3_video1_normal,cierre_ocular,2611.0,2805.0,2634.0,2703.0,23.0,102.0,0.358974358974359,EMPAREJADO,True
V3_video1_normal,cierre_ocular,3312.0,3384.0,3324.0,3404.0,12.0,20.0,0.6559139784946236,EMPAREJADO,False
V3_video1_normal,bostezo,350.0,447.0,341.0,456.0,9.0,9.0,0.8448275862068966,EMPAREJADO,False
V3_video1_normal,bostezo,765.0,886.0,776.0,892.0,11.0,6.0,0.8671875,EMPAREJADO,False
V3_video1_normal,bostezo,1683.0,1806.0,1690.0,1820.0,7.0,14.0,0.8478260869565217,EMPAREJADO,False
V3_video1_normal,bostezo,2268.0,2376.0,2259.0,2364.0,9.0,12.0,0.8220338983050848,EMPAREJADO,False
V3_video1_normal,bostezo,2976.0,3096.0,2959.0,3093.0,17.0,3.0,0.855072463768116,EMPAREJADO,False
V3_video2_lentes,cierre_ocular,263.0,482.0,241.0,491.0,22.0,9.0,0.8764940239043825,EMPAREJADO,False
V3_video2_lentes,cierre_ocular,851.0,936.0,804.0,923.0,47.0,13.0,0.5488721804511278,EMPAREJADO,False
V3_video2_lentes,cierre_ocular,1578.0,1789.0,1642.0,1790.0,64.0,1.0,0.6948356807511737,EMPAREJADO,False
V3_video2_lentes,cierre_ocular,2216.0,2422.0,2253.0,2436.0,37.0,14.0,0.7692307692307693,EMPAREJADO,False
V3_video2_lentes,cierre_ocular,2716.0,2921.0,2707.0,2941.0,9.0,20.0,0.8765957446808511,EMPAREJADO,False
V3_video2_lentes,cierre_ocular,3364.0,3565.0,3371.0,3563.0,7.0,2.0,0.9554455445544554,EMPAREJADO,False
V3_video2_lentes,bostezo,889.0,1032.0,886.0,1050.0,3.0,18.0,0.8727272727272727,EMPAREJADO,False
V3_video2_lentes,bostezo,1318.0,1493.0,1342.0,1490.0,24.0,3.0,0.8465909090909091,EMPAREJADO,False
V3_video2_lentes,bostezo,2770.0,2932.0,2750.0,2925.0,20.0,7.0,0.8524590163934426,EMPAREJADO,False
V4_video1_normal,cierre_ocular,239.0,275.0,,,,,0.0,SOLO_A,True
V4_video1_normal,cierre_ocular,546.0,617.0,552.0,614.0,6.0,3.0,0.875,EMPAREJADO,False
V4_video1_normal,bostezo,421.0,526.0,420.0,539.0,1.0,13.0,0.8833333333333333,EMPAREJADO,False
V4_video2_pocaluz,cierre_ocular,636.0,724.0,623.0,712.0,13.0,12.0,0.7549019607843137,EMPAREJADO,False
V4_video2_pocaluz,bostezo,415.0,490.0,410.0,492.0,5.0,2.0,0.9156626506024096,EMPAREJADO,False
V5_video1_normal,cierre_ocular,810.0,881.0,773.0,880.0,37.0,1.0,0.6513761467889908,EMPAREJADO,False
V5_video1_normal,cierre_ocular,1030.0,1118.0,1017.0,1112.0,13.0,6.0,0.8137254901960784,EMPAREJADO,False
V5_video1_normal,cierre_ocular,1233.0,1364.0,1223.0,1353.0,10.0,11.0,0.852112676056338,EMPAREJADO,False
V5_video2_pocaluz,cierre_ocular,606.0,719.0,594.0,711.0,12.0,8.0,0.8412698412698413,EMPAREJADO,False
V5_video2_pocaluz,cierre_ocular,832.0,904.0,801.0,897.0,31.0,7.0,0.6346153846153846,EMPAREJADO,False
V6_video1_normal,cierre_ocular,751.0,850.0,730.0,850.0,21.0,0.0,0.8264462809917356,EMPAREJADO,False
V6_video1_normal,cierre_ocular,1003.0,1123.0,1019.0,1124.0,16.0,1.0,0.860655737704918,EMPAREJADO,False
V6_video1_normal,cierre_ocular,1247.0,1341.0,1242.0,1340.0,5.0,1.0,0.94,EMPAREJADO,False
V6_video1_normal,bostezo,1411.0,1523.0,1408.0,1503.0,3.0,20.0,0.8017241379310345,EMPAREJADO,False
V6_video1_normal,bostezo,1669.0,1770.0,,,,,0.0,SOLO_A,True
V6_video2_pocaluz,cierre_ocular,717.0,882.0,672.0,882.0,45.0,0.0,0.7867298578199052,EMPAREJADO,False
V6_video2_pocaluz,cierre_ocular,1011.0,1200.0,969.0,1194.0,42.0,6.0,0.7931034482758621,EMPAREJADO,False
V6_video2_pocaluz,cierre_ocular,1335.0,1460.0,1295.0,1460.0,40.0,0.0,0.7590361445783133,EMPAREJADO,False
V6_video2_pocaluz,bostezo,1667.0,1782.0,1670.0,1778.0,3.0,4.0,0.9396551724137931,EMPAREJADO,False
V6_video2_pocaluz,bostezo,2405.0,2501.0,2420.0,2511.0,15.0,10.0,0.7663551401869159,EMPAREJADO,False
V6_video2_pocaluz,bostezo,,,1972.0,2068.0,,,0.0,SOLO_B,True
V7_video1_normal,cierre_ocular,651.0,714.0,651.0,713.0,0.0,1.0,0.984375,EMPAREJADO,False
V7_video1_normal,cierre_ocular,822.0,925.0,823.0,924.0,1.0,1.0,0.9807692307692307,EMPAREJADO,False
V7_video1_normal,cierre_ocular,997.0,1087.0,996.0,1086.0,1.0,1.0,0.9782608695652174,EMPAREJADO,False
V7_video2_pocaluz,cierre_ocular,700.0,812.0,701.0,816.0,1.0,4.0,0.9572649572649573,EMPAREJADO,False
V7_video2_pocaluz,cierre_ocular,900.0,1006.0,900.0,1001.0,0.0,5.0,0.9532710280373832,EMPAREJADO,False
V7_video2_pocaluz,cierre_ocular,1064.0,1147.0,1064.0,1153.0,0.0,6.0,0.9333333333333333,EMPAREJADO,False
V8_video1_normal,cierre_ocular,1043.0,1223.0,1113.0,1233.0,70.0,10.0,0.581151832460733,EMPAREJADO,False
V8_video1_normal,cierre_ocular,1699.0,1862.0,1734.0,1868.0,35.0,6.0,0.7588235294117647,EMPAREJADO,False
V8_video1_normal,cierre_ocular,2109.0,2258.0,2142.0,2255.0,33.0,3.0,0.76,EMPAREJADO,False
V8_video1_normal,bostezo,1223.0,1314.0,,,,,0.0,SOLO_A,True
V8_video2_lentes,cierre_ocular,1091.0,1221.0,1084.0,1224.0,7.0,3.0,0.9290780141843972,EMPAREJADO,False
V8_video2_lentes,cierre_ocular,1731.0,1793.0,1728.0,1785.0,3.0,8.0,0.8333333333333334,EMPAREJADO,False
V8_video2_lentes,bostezo,1267.0,1368.0,1256.0,1385.0,11.0,17.0,0.7846153846153846,EMPAREJADO,False
V8_video2_lentes,bostezo,1566.0,1682.0,,,,,0.0,SOLO_A,True
V9_video1_normal,cierre_ocular,717.0,771.0,716.0,768.0,1.0,3.0,0.9285714285714286,EMPAREJADO,False
V9_video1_normal,cierre_ocular,859.0,982.0,858.0,959.0,1.0,23.0,0.808,EMPAREJADO,False
V9_video1_normal,cierre_ocular,1072.0,1188.0,1074.0,1187.0,2.0,1.0,0.9743589743589743,EMPAREJADO,False
V9_video1_normal,bostezo,1337.0,1434.0,,,,,0.0,SOLO_A,True
V9_video1_normal,bostezo,1545.0,1659.0,1559.0,1661.0,14.0,2.0,0.8632478632478633,EMPAREJADO,False
V9_video2_pocaluz,cierre_ocular,612.0,710.0,613.0,709.0,1.0,1.0,0.9797979797979798,EMPAREJADO,False
V9_video2_pocaluz,cierre_ocular,785.0,911.0,785.0,910.0,0.0,1.0,0.9921259842519685,EMPAREJADO,False
V9_video2_pocaluz,cierre_ocular,973.0,1099.0,969.0,1097.0,4.0,2.0,0.9541984732824428,EMPAREJADO,False
V9_video2_pocaluz,bostezo,1167.0,1243.0,1171.0,1244.0,4.0,1.0,0.9358974358974359,EMPAREJADO,False
V9_video2_pocaluz,bostezo,1351.0,1461.0,1350.0,1466.0,1.0,5.0,0.9487179487179487,EMPAREJADO,False
