video,voluntario,condicion,fps,frames,resolucion,duracion_seg,ruta
V1_video1_normal,V1,normal,29.99,2340,576x1024,78.03,..\data\raw\V1_video1_normal.mp4
V1_video2_pocaluz,V1,poca_luz,23.99,1477,576x1024,61.56,..\data\raw\V1_video2_pocaluz.mp4
V2_video1_normal,V2,normal,29.99,2100,576x1024,70.02,..\data\raw\V2_video1_normal.mp4
V2_video2_lentes,V2,lentes,29.98,1972,576x1024,65.77,..\data\raw\V2_video2_lentes.mp4
V3_video1_normal,V3,normal,30.01,3734,848x478,124.43,..\data\raw\V3_video1_normal.mp4
V3_video2_lentes,V3,lentes,30.01,3663,848x478,122.07,..\data\raw\V3_video2_lentes.mp4
V4_video1_normal,V4,normal,29.3,1032,368x368,35.22,..\data\raw\V4_video1_normal.mp4
V4_video2_pocaluz,V4,poca_luz,23.67,730,368x368,30.84,..\data\raw\V4_video2_pocaluz.mp4
V5_video1_normal,V5,normal,29.96,1699,478x850,56.71,..\data\raw\V5_video1_normal.mp4
V5_video2_pocaluz,V5,poca_luz,29.96,1156,478x850,38.58,..\data\raw\V5_video2_pocaluz.mp4
V6_video1_normal,V6,normal,30.0,1980,464x832,66.0,..\data\raw\V6_video1_normal.mp4
V6_video2_pocaluz,V6,poca_luz,30.0,2532,464x832,84.39,..\data\raw\V6_video2_pocaluz.mp4
V7_video1_normal,V7,normal,30.0,1266,464x832,42.2,..\data\raw\V7_video1_normal.mp4
V7_video2_pocaluz,V7,poca_luz,30.0,1535,464x832,51.16,..\data\raw\V7_video2_pocaluz.mp4
V8_video1_normal,V8,normal,30.0,2302,464x832,76.73,..\data\raw\V8_video1_normal.mp4
V8_video2_lentes,V8,lentes,30.0,1907,464x832,63.56,..\data\raw\V8_video2_lentes.mp4
V9_video1_normal,V9,normal,30.0,1859,848x478,61.97,..\data\raw\V9_video1_normal.mp4
V9_video2_pocaluz,V9,poca_luz,24.0,1578,848x478,65.75,..\data\raw\V9_video2_pocaluz.mp4
