Voluntario,Duracion_V1,CierresBostezos_V1,Duracion_V2,CierresBostezos_V2
V1,78 s,3 cierres / 2 bostezos,62 s,3 cierres / 2 bostezos
V2,70 s,3 cierres / 1 bostezos,66 s,3 cierres / 1 bostezos
V3,124 s,7 cierres / 5 bostezos,122 s,6 cierres / 3 bostezos
V4,35 s,2 cierres / 1 bostezos,31 s,1 cierres / 1 bostezos
V5,57 s,3 cierres / 0 bostezos,39 s,2 cierres / 0 bostezos
V6,66 s,3 cierres / 2 bostezos,84 s,3 cierres / 2 bostezos
V7,42 s,3 cierres / 0 bostezos,51 s,3 cierres / 0 bostezos
V8,77 s,3 cierres / 1 bostezos,64 s,2 cierres / 2 bostezos
V9,62 s,3 cierres / 2 bostezos,66 s,3 cierres / 2 bostezos
